epoch,lr,train_loss,train_pos_error_60s,train_vel_error_60s,train_raw_pos_error_60s,train_raw_vel_error_60s,train_cov_loss,train_cov_nll_rot,train_cov_nll_vel,train_cov_nll_pos,val_loss,val_cov_loss,val_cov_nll_rot,val_cov_nll_vel,val_cov_nll_pos,val_pos_error_60s,val_vel_error_60s,val_raw_pos_error_60s,val_raw_vel_error_60s,val_pos_error_30s,val_vel_error_30s,val_raw_pos_error_30s,val_raw_vel_error_30s,val_pos_error_120s,val_vel_error_120s,val_raw_pos_error_120s,val_raw_vel_error_120s
0,0.001,46.802752,32427.014,1640.169,33300.891,1691.5249,15.475859,0,597.96542,2661.5831,0.69786922,0.22976773,0,9.5811291,39.337119,702.12189,23.000171,738.10003,23.92382,208.90152,15.711551,217.1318,16.329965,1012.22,15.976077,1074.8121,16.764654
1,0.001,45.940818,32116.029,1620.6033,33367.482,1693.5183,14.935695,0,506.67776,2586.6083,0.68178482,0.21691701,0,7.5175581,37.525897,699.01084,22.956859,738.10003,23.92382,207.7181,15.724141,217.1318,16.329965,1007.3527,16.104541,1074.8121,16.764654
2,0.001,45.512889,31734.639,1596.6354,33272.805,1687.011,14.899895,0,501.01281,2581.5413,0.69043852,0.22102026,0,8.2991425,38.072993,709.19119,23.096677,738.10003,23.92382,210.53051,15.870244,217.1318,16.329965,1009.563,16.371255,1074.8121,16.764654
3,0.001,45.454192,31666.868,1591.3401,33333.909,1690.039,14.916999,0,508.53516,2582.7363,0.67665992,0.21676938,0,7.5010589,37.503254,692.49189,22.669901,738.10003,23.92382,207.67228,15.681038,217.1318,16.329965,985.8021,16.056222,1074.8121,16.764654
4,0.001,45.09942,31611.678,1583.3919,33344.661,1691.3366,14.601367,0,445.46,2541.4042,0.67903572,0.21675353,0,7.5052883,37.499295,695.65755,22.751301,738.10003,23.92382,207.00556,15.659227,217.1318,16.329965,998.42537,16.180713,1074.8121,16.764654
5,0.001,44.874013,31423.751,1578.2824,33261.12,1686.7969,14.551398,0,439.14768,2533.9258,0.67790317,0.21679747,0,7.4416907,37.523472,694.36873,22.577752,738.10003,23.92382,208.16016,15.631792,217.1318,16.329965,989.87662,16.022268,1074.8121,16.764654
6,0.001,44.583935,31333.979,1572.8251,33336.6,1690.5233,14.405337,0,415.26179,2513.4492,0.69682762,0.21828341,0,7.8832986,37.681235,723.42109,23.580645,738.10003,23.92382,213.55866,16.171754,217.1318,16.329965,1016.8553,16.769898,1074.8121,16.764654
7,0.001,44.59019,31332.412,1577.3364,33304.005,1689.2147,14.389323,0,414.20213,2510.8072,0.67693676,0.21594174,0,7.4205977,37.373256,695.14228,22.775444,738.10003,23.92382,207.49725,15.634064,217.1318,16.329965,986.63443,16.109883,1074.8121,16.764654
8,0.001,44.456509,31193.565,1567.8675,33298.067,1687.2925,14.397049,0,425.01887,2509.4586,0.6875565,0.21853505,0,7.7720329,37.755311,708.79157,22.863946,738.10003,23.92382,212.23166,15.821449,217.1318,16.329965,1011.9798,16.440725,1074.8121,16.764654
9,0.001,44.227024,31103.204,1557.8011,33272.17,1686.6,14.256646,0,392.54175,2492.1977,0.75545866,0.228241,0,9.0808011,39.186887,799.77691,25.47496,738.10003,23.92382,240.78463,17.402582,217.1318,16.329965,1177.9012,17.857734,1074.8121,16.764654
10,0.001,43.877853,30763.517,1547.4694,33249.391,1688.9005,14.195514,0,383.4073,2483.4079,0.67964427,0.21581236,0,7.3359214,37.371287,698.70143,22.886747,738.10003,23.92382,208.88433,15.747349,217.1318,16.329965,990.81849,16.047306,1074.8121,16.764654
11,0.001,43.951746,30843.321,1550.1269,33244.561,1686.0475,14.198443,0,384.82584,2483.5794,0.67151091,0.21571933,0,7.3838805,37.342163,686.28672,22.310908,738.10003,23.92382,204.55551,15.420975,217.1318,16.329965,961.48894,15.715532,1074.8121,16.764654
12,0.001,44.107599,30830.923,1543.7407,33277.611,1687.0618,14.422112,0,427.6764,2513.3391,0.67757618,0.2182544,0,7.7548586,37.708653,693.33642,22.559624,738.10003,23.92382,206.20884,15.597699,217.1318,16.329965,963.98119,15.997899,1074.8121,16.764654
13,0.001,43.864124,30780.818,1545.6574,33363.226,1693.4765,14.188754,0,383.90139,2482.0531,0.67168882,0.21524747,0,7.2566654,37.288753,687.57159,22.348218,738.10003,23.92382,205.74777,15.466669,217.1318,16.329965,974.83091,15.897123,1074.8121,16.764654
14,0.001,43.814806,30771.622,1550.6005,33402.947,1698.2246,14.155149,0,381.10122,2476.6559,0.67091354,0.21519977,0,7.2137873,37.290994,686.5489,22.259573,738.10003,23.92382,205.68134,15.450838,217.1318,16.329965,968.69893,15.877095,1074.8121,16.764654
15,0.001,43.555564,30515.209,1534.5798,33277.042,1687.1307,14.07962,0,370.12178,2465.7181,0.67012747,0.2159057,0,7.3431542,37.386416,687.25891,22.406909,738.10003,23.92382,205.98194,15.564187,217.1318,16.329965,973.33831,15.820426,1074.8121,16.764654
16,0.001,43.619962,30486.011,1536.8237,33363.509,1691.2317,14.194886,0,391.65887,2481.1934,0.67777602,0.2167694,0,7.3661305,37.537604,693.22036,22.30845,738.10003,23.92382,208.35623,15.539637,217.1318,16.329965,972.75951,15.786407,1074.8121,16.764654
17,0.001,43.516145,30527.448,1535.6815,33246.322,1687.7611,14.10062,0,375.10005,2468.2691,0.69959146,0.21764965,0,7.5381799,37.653853,725.14899,23.143526,738.10003,23.92382,216.96892,16.067097,217.1318,16.329965,1014.4549,16.139656,1074.8121,16.764654
18,0.001,43.622049,30592.253,1541.5361,33401.083,1693.3841,14.170187,0,383.78649,2478.7065,0.68388477,0.21595942,0,7.3343007,37.398436,703.65325,22.623878,738.10003,23.92382,210.03755,15.732686,217.1318,16.329965,985.10409,15.860387,1074.8121,16.764654
19,0.001,43.439607,30341.094,1532.2825,33324.173,1691.0861,14.144947,0,377.81185,2475.6384,0.675857,0.21521853,0,7.3165948,37.268237,688.74832,22.342429,738.10003,23.92382,206.59047,15.529756,217.1318,16.329965,979.00014,15.741241,1074.8121,16.764654
20,0.001,43.446079,30431.127,1530.3315,33337.134,1690.1459,14.093674,0,372.26987,2467.7265,0.67777255,0.21593437,0,7.4011733,37.37686,696.2572,22.667202,738.10003,23.92382,206.80706,15.637173,217.1318,16.329965,979.1913,16.007482,1074.8121,16.764654
21,0.001,43.306388,30363.185,1527.3514,33340.115,1688.8167,14.07021,0,364.17745,2465.5203,0.69762054,0.21786913,0,7.5439269,37.692296,717.18325,23.096781,738.10003,23.92382,215.84398,16.023384,217.1318,16.329965,1014.8409,16.052874,1074.8121,16.764654
22,0.001,43.435792,30335.721,1527.9284,33362.425,1692.5177,14.120443,0,376.75852,2471.4511,0.66521857,0.21370144,0,6.9970184,37.073747,677.72808,21.893213,738.10003,23.92382,204.61,15.308576,217.1318,16.329965,937.81335,15.539435,1074.8121,16.764654
23,0.001,43.23029,30183.467,1521.702,33329.189,1688.9337,14.060365,0,363.07868,2464.01,0.68350274,0.21762577,0,7.5489178,37.646778,699.99174,22.469581,738.10003,23.92382,209.75233,15.610072,217.1318,16.329965,983.60758,15.756268,1074.8121,16.764654
24,0.001,43.226822,30269.447,1525.4842,33331.964,1692.0414,14.034182,0,357.31742,2460.716,0.67414976,0.21568326,0,7.2878537,37.360049,687.05643,22.100409,738.10003,23.92382,207.34133,15.505209,217.1318,16.329965,954.66612,15.459359,1074.8121,16.764654
25,0.001,43.205489,30271.349,1521.752,33317.905,1687.0357,14.039463,0,364.75082,2459.784,0.66984429,0.21608759,0,7.320053,37.425367,682.82109,22.051135,738.10003,23.92382,204.21894,15.365884,217.1318,16.329965,947.16467,15.675304,1074.8121,16.764654
26,0.001,43.304181,30257.136,1525.2503,33330.832,1692.0767,14.110871,0,373.01036,2470.6648,0.66961627,0.21484319,0,7.1599787,37.239859,681.46606,22.000789,738.10003,23.92382,205.02267,15.420359,217.1318,16.329965,953.91171,15.60686,1074.8121,16.764654
27,0.001,43.172287,30152.402,1519.0354,33314.782,1688.5505,14.040731,0,359.09575,2461.454,0.67117779,0.21507167,0,7.2645024,37.254793,682.75523,22.050852,738.10003,23.92382,205.00016,15.418303,217.1318,16.329965,952.69112,15.664162,1074.8121,16.764654
28,0.001,42.989446,30004.071,1511.871,33384.957,1692.9,13.955456,0,347.78787,2448.8278,0.68426967,0.21607166,0,7.287542,37.430746,699.47565,22.493294,738.10003,23.92382,211.47573,15.747112,217.1318,16.329965,978.36659,15.609087,1074.8121,16.764654
29,0.001,42.879118,29913.929,1505.485,33291.439,1688.8238,14.018715,0,356.93717,2458.0005,0.68323421,0.21712145,0,7.4555544,37.578849,695.84232,22.416872,738.10003,23.92382,210.91145,15.553171,217.1318,16.329965,956.73978,15.992586,1074.8121,16.764654
30,0.001,43.073177,30116.498,1516.027,33347.013,1688.0797,13.970631,0,354.74639,2449.8157,0.6683931,0.21491009,0,7.1710877,37.249194,679.9796,21.989882,738.10003,23.92382,206.42914,15.488068,217.1318,16.329965,956.4972,15.567657,1074.8121,16.764654
31,0.001,43.165082,30148.2,1521.2392,33291.712,1688.7569,14.097651,0,368.624,2469.3778,0.67780682,0.21795007,0,7.5899309,37.695304,687.58496,22.151819,738.10003,23.92382,207.50882,15.588482,217.1318,16.329965,968.97044,15.561835,1074.8121,16.764654
32,0.001,42.91694,29994.275,1512.6268,33228.46,1685.8029,14.012158,0,357.22125,2456.7361,0.67579404,0.21520311,0,7.2124265,37.291949,691.1249,22.235007,738.10003,23.92382,205.61695,15.416522,217.1318,16.329965,969.65293,15.80411,1074.8121,16.764654
33,0.001,42.82904,29907.409,1503.8123,33257.71,1686.7536,13.997293,0,351.38674,2455.5185,0.67441882,0.21539191,0,7.2563824,37.315087,686.20084,22.137499,738.10003,23.92382,206.14849,15.448769,217.1318,16.329965,959.42071,15.508004,1074.8121,16.764654
34,0.001,42.817304,29958.053,1508.2786,33356.64,1690.9343,13.931367,0,346.26821,2444.8348,0.68014533,0.21706962,0,7.5844264,37.536623,697.51337,22.491442,738.10003,23.92382,206.96522,15.659719,217.1318,16.329965,971.6393,15.892821,1074.8121,16.764654
35,0.001,42.783298,29927.413,1507.818,33392.66,1693.8709,13.950133,0,344.38607,2448.726,0.70365058,0.21766447,0,7.5451086,37.654785,724.38146,23.389018,738.10003,23.92382,216.98598,16.064762,217.1318,16.329965,1021.4144,16.17391,1074.8121,16.764654
36,0.001,42.980299,30036.404,1511.8706,33249.515,1686.6046,14.04793,0,362.04542,2462.0122,0.67737276,0.21717058,0,7.5291741,37.569044,693.13411,22.480354,738.10003,23.92382,206.63248,15.672371,217.1318,16.329965,959.5402,15.816635,1074.8121,16.764654
37,0.001,42.880863,29965.08,1511.3225,33412.927,1696.506,13.95735,0,345.66385,2449.7129,0.70233372,0.21872501,0,7.6384093,37.823862,720.23611,23.187475,738.10003,23.92382,217.41957,16.147555,217.1318,16.329965,1013.3659,15.943142,1074.8121,16.764654
38,0.001,42.560967,29734.751,1495.2996,33272.033,1687.4138,13.884837,0,335.63426,2439.0816,0.66690991,0.21572564,0,7.280813,37.369547,678.12651,21.93126,738.10003,23.92382,204.92716,15.361196,217.1318,16.329965,951.27369,15.648475,1074.8121,16.764654
39,0.001,42.730471,29793.056,1497.806,33344.123,1691.6238,13.942798,0,348.53674,2446.3357,0.68033011,0.21565714,0,7.2216163,37.37216,692.45821,22.452522,738.10003,23.92382,208.66902,15.592447,217.1318,16.329965,976.92273,15.635738,1074.8121,16.764654
40,0.001,42.768097,29922.623,1512.7011,33400.022,1695.0091,13.904508,0,338.39794,2441.9547,0.67349776,0.21529574,0,7.2344968,37.303172,690.18034,22.220965,738.10003,23.92382,207.13764,15.599948,217.1318,16.329965,954.17802,15.813312,1074.8121,16.764654
41,0.001,42.83622,29856.016,1507.2262,33372.656,1693.8482,13.990596,0,351.57099,2454.254,0.67990945,0.2158926,0,7.3899615,37.37212,693.58345,22.488078,738.10003,23.92382,208.48364,15.65441,217.1318,16.329965,989.68936,15.707523,1074.8121,16.764654
42,0.001,42.661775,29744.292,1502.9605,33241.101,1684.6421,13.913854,0,345.40223,2441.8711,0.66861323,0.21346156,0,6.9872222,37.032628,681.74494,22.067642,738.10003,23.92382,205.57935,15.429931,217.1318,16.329965,956.81024,15.492478,1074.8121,16.764654
43,0.001,42.5447,29702.642,1497.9209,33333.276,1693.1322,13.855072,0,332.68038,2434.4217,0.6723423,0.21621846,0,7.2993664,37.454426,686.20363,21.990577,738.10003,23.92382,207.23696,15.520694,217.1318,16.329965,936.3133,15.298268,1074.8121,16.764654
44,0.001,42.617459,29708.022,1498.7302,33316.613,1690.9385,13.904271,0,339.44356,2441.6456,0.70004834,0.2180988,0,7.5971149,37.720517,722.29508,23.172569,738.10003,23.92382,217.2049,16.120182,217.1318,16.329965,994.41728,15.688428,1074.8121,16.764654
45,0.001,42.619619,29678.156,1496.512,33296.703,1686.543,13.9221,0,340.54204,2444.6076,0.67800185,0.21666782,0,7.5229631,37.479214,693.75954,22.541537,738.10003,23.92382,209.72261,15.701709,217.1318,16.329965,981.31735,15.705333,1074.8121,16.764654
46,0.001,42.407273,29602.173,1493.0943,33218.185,1685.2011,13.873948,0,337.47001,2436.6345,0.66794929,0.21465571,0,7.1373539,37.211531,682.81605,22.089281,738.10003,23.92382,204.11672,15.326415,217.1318,16.329965,942.6573,15.572715,1074.8121,16.764654
47,0.001,42.625616,29787.901,1502.4829,33329.065,1691.5129,13.878265,0,338.10517,2437.2578,0.67496506,0.21571199,0,7.3109859,37.359384,691.79634,22.332762,738.10003,23.92382,209.62543,15.749099,217.1318,16.329965,953.20543,15.670883,1074.8121,16.764654
48,0.001,42.379202,29478.634,1489.4886,33271.968,1688.6855,13.852402,0,335.56098,2433.203,0.67729547,0.21510307,0,7.1926229,37.2788,686.87282,22.360533,738.10003,23.92382,208.02042,15.584572,217.1318,16.329965,973.95417,15.519514,1074.8121,16.764654
49,0.001,42.223604,29391.915,1483.819,33206.72,1686.8278,13.85984,0,336.07472,2434.4246,0.70868276,0.2225874,0,8.5254779,38.300314,724.1355,23.580986,738.10003,23.92382,221.82022,16.501701,217.1318,16.329965,1061.218,15.996617,1074.8121,16.764654
50,0.001,42.568039,29688.288,1495.8159,33339.101,1691.6984,13.892366,0,341.93648,2438.8464,0.69162629,0.21807021,0,7.6762049,37.695186,710.66786,22.768515,738.10003,23.92382,211.58881,15.684978,217.1318,16.329965,973.58094,16.0095,1074.8121,16.764654
51,0.001,42.360324,29522.391,1489.9494,33348.32,1690.5565,13.858274,0,331.43628,2435.3207,0.66885204,0.21486394,0,7.3023409,37.207393,680.73903,22.024483,738.10003,23.92382,203.08257,15.258062,217.1318,16.329965,937.22568,15.460465,1074.8121,16.764654
52,0.001,42.54838,29739.337,1499.6231,33376.115,1693.7617,13.840158,0,329.00085,2432.6467,0.71753813,0.22182063,0,8.141707,38.258588,740.12283,24.023517,738.10003,23.92382,223.5361,16.558177,217.1318,16.329965,1065.93,16.605551,1074.8121,16.764654
53,0.001,42.276581,29438.539,1479.7498,33292.419,1691.3313,13.804367,0,323.73206,2427.4803,0.68285391,0.21669512,0,7.4294785,37.507972,699.45391,22.546666,738.10003,23.92382,207.77708,15.658426,217.1318,16.329965,957.90053,16.010438,1074.8121,16.764654
54,0.001,42.38055,29533.332,1488.2605,33400.567,1692.1629,13.868618,0,338.59481,2435.3792,0.67554599,0.21613379,0,7.3176859,37.434369,689.54268,21.993088,738.10003,23.92382,208.10291,15.477988,217.1318,16.329965,945.67233,15.334984,1074.8121,16.764654
55,0.001,42.225981,29346.205,1479.24,33375.396,1693.4165,13.853605,0,336.02108,2433.3047,0.6694823,0.21572643,0,7.4489528,37.326891,682.24555,22.034669,738.10003,23.92382,202.05693,15.217488,217.1318,16.329965,933.33582,15.454928,1074.8121,16.764654
56,0.001,42.258286,29517.988,1492.8658,33297.375,1687.9384,13.803045,0,330.26925,2425.5759,0.77360421,0.23228819,0,9.9607167,39.698762,805.59392,26.146867,738.10003,23.92382,247.1473,17.945934,217.1318,16.329965,1230.803,17.986504,1074.8121,16.764654
57,0.001,42.143374,29442.375,1483.6589,33271.194,1688.6545,13.778637,0,323.11541,2422.9591,0.70765076,0.21827404,0,7.6846178,37.730105,728.41598,23.42585,738.10003,23.92382,220.30845,16.246464,217.1318,16.329965,1037.174,15.802726,1074.8121,16.764654
58,0.001,42.040029,29201.456,1476.9236,33343.699,1690.583,13.780644,0,325.84741,2422.6287,0.67589635,0.21823755,0,7.7629535,37.70353,685.95552,22.051361,738.10003,23.92382,205.36179,15.391445,217.1318,16.329965,952.93732,15.26046,1074.8121,16.764654
59,0.001,41.910965,29221.551,1475.6344,33316.768,1690.3323,13.741157,0,321.81205,2416.4765,0.68361232,0.2189266,0,8.04949,37.755875,702.53012,22.557572,738.10003,23.92382,208.89619,15.789912,217.1318,16.329965,977.10761,15.554684,1074.8121,16.764654
60,0.001,42.256687,29481.394,1493.0948,33403.961,1700.2807,13.769948,0,328.5452,2419.9972,0.67411586,0.21955925,0,7.9533349,37.895378,684.68091,22.073713,738.10003,23.92382,203.31806,15.314123,217.1318,16.329965,945.01021,15.275947,1074.8121,16.764654
61,0.001,41.844097,29060.437,1471.5046,33233.333,1686.0764,13.7733,0,324.1943,2421.7142,0.67223315,0.21770993,0,7.5996578,37.649165,688.32368,22.092681,738.10003,23.92382,203.91677,15.371947,217.1318,16.329965,944.24598,15.289878,1074.8121,16.764654
62,0.001,41.882946,29188.673,1468.1142,33303.231,1689.0131,13.753346,0,318.5803,2419.5151,0.67391874,0.21934096,0,7.926824,37.862439,682.51383,22.016702,738.10003,23.92382,205.58255,15.405009,217.1318,16.329965,962.53988,15.129709,1074.8121,16.764654
63,0.001,41.965425,29135.713,1466.7839,33161.794,1682.4602,13.790514,0,332.67182,2422.686,0.67524342,0.21934443,0,7.9975609,37.845063,686.74626,22.279422,738.10003,23.92382,204.22532,15.358984,217.1318,16.329965,952.26936,15.496789,1074.8121,16.764654
64,0.001,41.810335,29026.243,1472.9585,33351.352,1692.7932,13.747657,0,315.68519,2419.2178,0.66400391,0.21712208,0,7.5625992,37.551717,673.87964,21.890289,738.10003,23.92382,201.16031,15.198094,217.1318,16.329965,942.25745,15.242036,1074.8121,16.764654
65,0.001,41.445544,28703.329,1447.007,33283.043,1688.4126,13.729112,0,312.01825,2416.7793,0.67882492,0.21704514,0,7.5052856,37.552318,698.03977,22.481777,738.10003,23.92382,208.78059,15.678353,217.1318,16.329965,982.72481,15.321804,1074.8121,16.764654
66,0.001,41.751355,28955.971,1464.4586,33337.393,1693.0028,13.763664,0,319.09659,2421.2598,0.68208959,0.21858287,0,7.8485527,37.744526,690.5241,22.386443,738.10003,23.92382,208.62239,15.580039,217.1318,16.329965,970.18637,15.328687,1074.8121,16.764654
67,0.001,41.803082,29019.8,1461.2748,33368.089,1691.5099,13.783152,0,320.84649,2424.3577,0.69019951,0.21665996,0,7.4960635,37.484632,706.03784,22.832322,738.10003,23.92382,213.30241,15.982268,217.1318,16.329965,1005.5071,15.553405,1074.8121,16.764654
68,0.001,41.519885,28771.075,1454.0836,33304.351,1688.8892,13.718018,0,316.48548,2413.6251,0.68130628,0.22059335,0,8.1257548,38.039508,695.32182,22.240416,738.10003,23.92382,206.78765,15.553356,217.1318,16.329965,965.84919,15.01607,1074.8121,16.764654
69,0.001,41.435651,28731.836,1452.8057,33291.55,1687.4825,13.656028,0,310.17606,2403.9603,0.69167955,0.22213706,0,8.5167152,38.220666,710.07895,22.85094,738.10003,23.92382,207.14152,15.718159,217.1318,16.329965,970.42961,15.738406,1074.8121,16.764654
70,0.001,41.491689,28746.863,1442.1454,33311.496,1690.687,13.715245,0,310.54446,2414.6333,0.67266395,0.21618131,0,7.3623253,37.431646,689.39119,22.164119,738.10003,23.92382,206.90727,15.594902,217.1318,16.329965,956.6593,14.882124,1074.8121,16.764654
71,0.001,41.519843,28766.315,1457.7831,33257.925,1687.06,13.713704,0,310.93451,2414.2538,0.6683793,0.21655757,0,7.4433671,37.479428,680.68196,22.053543,738.10003,23.92382,203.60432,15.271278,217.1318,16.329965,950.05613,14.896742,1074.8121,16.764654
72,0.001,41.541973,28770.62,1452.3254,33333.783,1691.0873,13.717488,0,312.39525,2414.5699,0.68451719,0.21692382,0,7.5170297,37.527268,702.93147,22.649033,738.10003,23.92382,207.94895,15.667931,217.1318,16.329965,967.93895,15.547196,1074.8121,16.764654
73,0.001,41.243177,28435.289,1440.3004,33310.594,1690.3053,13.737699,0,318.34679,2416.7298,0.68893176,0.22023643,0,7.9384006,38.022303,705.00397,22.647105,738.10003,23.92382,210.30828,15.707922,217.1318,16.329965,991.06494,15.084027,1074.8121,16.764654
74,0.001,41.350929,28573.082,1444.8707,33348.621,1689.4445,13.728666,0,318.28053,2415.1043,0.66845379,0.21678444,0,7.5008597,37.506043,683.00983,21.913403,738.10003,23.92382,203.6854,15.323402,217.1318,16.329965,934.29485,14.858082,1074.8121,16.764654
75,0.001,41.257958,28545.779,1446.0872,33264.783,1687.9738,13.70884,0,313.669,2412.6733,0.6897893,0.2184338,0,7.7822019,37.734313,705.46801,22.644225,738.10003,23.92382,212.53527,15.785965,217.1318,16.329965,973.35021,15.279864,1074.8121,16.764654
76,0.001,41.367962,28613.427,1442.1072,33292.918,1687.3284,13.692623,0,310.94754,2410.4176,0.71488281,0.22195734,0,8.1357581,38.28496,743.58311,23.638398,738.10003,23.92382,219.76031,16.401862,217.1318,16.329965,1031.558,15.606336,1074.8121,16.764654
77,0.001,41.391635,28615.839,1443.5706,33336.957,1691.4838,13.690678,0,307.27707,2410.9983,0.67494857,0.21889673,0,7.8828611,37.792859,685.21987,21.988213,738.10003,23.92382,203.60693,15.309766,217.1318,16.329965,938.07358,15.052467,1074.8121,16.764654
78,0.001,41.241389,28612.556,1444.2438,33340.482,1689.3756,13.662586,0,303.59397,2406.8281,0.69875055,0.21844953,0,7.831896,37.724523,719.15549,22.744359,738.10003,23.92382,215.65525,16.045164,217.1318,16.329965,981.26758,15.283452,1074.8121,16.764654
79,0.001,41.174245,28419.007,1441.7546,33329.107,1691.6429,13.689875,0,308.36043,2410.5764,0.66818782,0.21619257,0,7.4883144,37.401625,677.23651,21.910842,738.10003,23.92382,204.91958,15.375221,217.1318,16.329965,948.0147,15.106028,1074.8121,16.764654
80,0.001,40.935638,28183.162,1430.7465,33285.176,1687.2169,13.659884,0,309.38495,2404.8627,0.70059358,0.21932037,0,7.7638057,37.900191,711.25744,22.935918,738.10003,23.92382,217.69976,16.101675,217.1318,16.329965,1005.0185,15.65994,1074.8121,16.764654
81,0.001,41.075886,28375.944,1435.7024,33273.372,1688.0501,13.641234,0,300.69687,2403.6833,0.67354759,0.21672732,0,7.5738266,37.477085,684.94636,21.962189,738.10003,23.92382,205.91985,15.473026,217.1318,16.329965,955.79638,15.04031,1074.8121,16.764654
82,0.001,40.777072,28104.171,1425.8177,33295.678,1690.0364,13.587901,0,296.11017,2395.154,0.70628673,0.22049377,0,7.9490856,38.066373,731.7024,23.343461,738.10003,23.92382,215.85827,16.116577,217.1318,16.329965,996.93383,15.078384,1074.8121,16.764654
83,0.001,41.1329,28424.313,1436.1918,33324.148,1690.1187,13.6622,0,302.04769,2407.1516,0.69250548,0.21755345,0,7.6000555,37.620613,715.7387,23.051098,738.10003,23.92382,213.60154,16.08445,217.1318,16.329965,1003.5036,15.271513,1074.8121,16.764654
84,0.001,40.899479,28214.711,1430.3506,33332.701,1690.7637,13.625793,0,300.50302,2400.9253,0.69199626,0.21692455,0,7.6143093,37.50264,702.18244,22.545148,738.10003,23.92382,216.3607,16.001145,217.1318,16.329965,960.58625,15.572504,1074.8121,16.764654
85,0.001,40.82511,28125.877,1427.2184,33375.461,1693.2674,13.580848,0,293.86099,2394.444,0.69085,0.21985558,0,8.1440144,37.90072,699.99223,22.46551,738.10003,23.92382,210.38824,15.7862,217.1318,16.329965,955.00656,15.241003,1074.8121,16.764654
86,0.001,40.963848,28171.966,1428.4873,33396.669,1693.9064,13.684856,0,308.94001,2409.5164,0.67659858,0.21609175,0,7.3882575,37.408762,684.98204,21.969377,738.10003,23.92382,205.52652,15.455353,217.1318,16.329965,959.31412,15.232396,1074.8121,16.764654
87,0.001,40.724094,27996.303,1422.172,33207.639,1685.7783,13.575177,0,293.81386,2393.425,0.67258975,0.21677498,0,7.5411528,37.494067,683.31135,21.716287,738.10003,23.92382,201.80545,15.178176,217.1318,16.329965,922.84669,15.096762,1074.8121,16.764654
88,0.001,40.733848,28013.231,1419.2734,33300.558,1688.0682,13.619623,0,301.23572,2399.6169,0.70055765,0.2172991,0,7.6866054,37.552336,721.94499,23.213573,738.10003,23.92382,213.81101,16.211879,217.1318,16.329965,1000.3841,16.004686,1074.8121,16.764654
89,0.001,40.704432,27950.452,1414.9123,33238.852,1686.8787,13.679652,0,305.86573,2409.3527,0.69338773,0.21805792,0,7.8814918,37.640697,710.8025,22.819004,738.10003,23.92382,212.64724,15.900403,217.1318,16.329965,976.48541,15.254638,1074.8121,16.764654
90,0.001,40.918081,28272.629,1433.6933,33294,1688.9556,13.611068,0,305.17934,2397.0576,0.81834314,0.2279185,0,9.2674187,39.080749,877.33279,28.489712,738.10003,23.92382,258.52834,19.035147,217.1318,16.329965,1316.0069,18.537043,1074.8121,16.764654
91,0.001,40.606921,27869.38,1416.1105,33272.612,1687.3388,13.652563,0,302.12052,2405.3807,0.70916294,0.22114624,0,8.1909139,38.123447,727.30257,23.305926,738.10003,23.92382,220.31639,16.400434,217.1318,16.329965,1011.5788,15.888017,1074.8121,16.764654
92,0.001,40.814343,28159.371,1429.3322,33341.596,1690.8009,13.636231,0,305.04575,2401.6667,0.67491279,0.21644973,0,7.5802308,37.424983,685.53452,21.96908,738.10003,23.92382,204.65753,15.381991,217.1318,16.329965,943.53527,15.11149,1074.8121,16.764654
93,0.001,40.681955,27946.586,1417.7035,33266.393,1688.8046,13.609991,0,297.42665,2398.8353,0.68461387,0.21764112,0,7.6239232,37.630478,700.46801,22.391487,738.10003,23.92382,208.7379,15.686599,217.1318,16.329965,983.36556,15.235345,1074.8121,16.764654
94,0.001,40.57376,27993.546,1416.5072,33308.389,1689.0179,13.538859,0,287.94766,2388.3151,0.67123047,0.21514725,0,7.1644142,37.294012,677.45846,21.651448,738.10003,23.92382,206.20596,15.407634,217.1318,16.329965,947.26903,15.123461,1074.8121,16.764654
95,0.001,40.467736,27861.807,1409.9025,33298.573,1687.4639,13.532396,0,287.58301,2387.2327,0.67730227,0.21770352,0,7.6657849,37.631168,694.08657,22.154778,738.10003,23.92382,207.15048,15.6686,217.1318,16.329965,965.68025,15.120593,1074.8121,16.764654
96,0.001,40.544304,27852.272,1417.5334,33299.228,1690.7988,13.551591,0,295.70474,2388.6553,0.66826467,0.21575602,0,7.3628504,37.354187,677.24739,21.652291,738.10003,23.92382,205.04303,15.397861,217.1318,16.329965,931.42756,15.047612,1074.8121,16.764654
97,0.001,40.400357,27750.413,1400.1244,33257.199,1686.4318,13.539905,0,285.107,2389.2282,0.66975569,0.21519597,0,7.2456694,37.282187,679.5607,21.94021,738.10003,23.92382,206.25917,15.558992,217.1318,16.329965,953.08183,15.040315,1074.8121,16.764654
98,0.001,40.604492,27972.045,1415.5507,33334.942,1691.4142,13.580838,0,288.93278,2395.6967,0.69861151,0.21922594,0,7.9937386,37.824492,707.61862,22.73359,738.10003,23.92382,215.04005,16.111369,217.1318,16.329965,981.00269,15.642788,1074.8121,16.764654
99,0.001,40.607278,27999.601,1415.9633,33262.66,1687.4924,13.566249,0,289.92638,2392.7913,0.6866559,0.21685221,0,7.4778069,37.524233,704.41292,22.203993,738.10003,23.92382,208.4997,15.654806,217.1318,16.329965,980.91014,15.074452,1074.8121,16.764654
100,0.001,40.499047,27790.872,1410.1197,33285.993,1690.5916,13.562949,0,286.83835,2392.9773,0.67996741,0.21787348,0,7.7371822,37.643896,692.64027,22.086513,738.10003,23.92382,207.14084,15.524721,217.1318,16.329965,951.00295,14.838674,1074.8121,16.764654
101,0.001,40.534892,27905.375,1412.4947,33329.994,1688.0599,13.558493,0,291.9247,2390.8724,0.72122631,0.22159197,0,8.270127,38.184326,750.7916,23.818667,738.10003,23.92382,219.0912,16.37283,217.1318,16.329965,1048.4048,15.808592,1074.8121,16.764654
102,0.001,40.468562,27770.402,1407.5544,33307.228,1691.4403,13.549798,0,290.69075,2389.6056,0.68155693,0.21739701,0,7.6207384,37.586904,692.6232,22.007881,738.10003,23.92382,205.88211,15.474604,217.1318,16.329965,962.61347,15.085448,1074.8121,16.764654
103,0.001,40.60155,27955.968,1418.4183,33321.547,1691.047,13.550193,0,288.66406,2390.1934,0.6904066,0.2182839,0,7.8652059,37.68593,703.31052,22.477915,738.10003,23.92382,207.83987,15.668478,217.1318,16.329965,969.93997,15.117875,1074.8121,16.764654
104,0.001,40.508583,27872.733,1414.9564,33312.657,1689.7413,13.565098,0,292.09289,2392.0305,0.74955383,0.2227071,0,8.3276199,38.372442,797.28863,25.097778,738.10003,23.92382,232.50152,17.36006,217.1318,16.329965,1130.6856,16.265417,1074.8121,16.764654
105,0.001,40.43359,27837.303,1407.6168,33307.629,1688.6614,13.514392,0,287.51792,2383.9757,0.67527799,0.21670265,0,7.4313685,37.508861,682.85323,21.725205,738.10003,23.92382,206.32065,15.569585,217.1318,16.329965,947.67182,15.169437,1074.8121,16.764654
106,0.001,40.203878,27580.093,1401.8041,33306.965,1688.8651,13.466963,0,274.24547,2378.7308,0.68590424,0.21878986,0,7.9662713,37.752196,708.05522,22.810546,738.10003,23.92382,210.46369,15.916883,217.1318,16.329965,1007.3779,15.254896,1074.8121,16.764654
107,0.001,40.336093,27715.32,1402.572,33384.459,1692.1618,13.539307,0,285.05655,2389.1324,0.67364813,0.21685773,0,7.5439972,37.508387,681.91086,21.912893,738.10003,23.92382,203.73467,15.327442,217.1318,16.329965,946.11624,14.871794,1074.8121,16.764654
108,0.001,40.649897,28011.987,1421.2764,33327.743,1689.2434,13.543848,0,289.56589,2388.8102,0.66977002,0.21491528,0,7.2532532,37.229223,682.85098,21.878178,738.10003,23.92382,202.02659,15.284706,217.1318,16.329965,927.05568,14.922211,1074.8121,16.764654
109,0.001,40.548631,27867.363,1414.6618,33275.614,1687.705,13.549271,0,297.58791,2387.7542,0.82756079,0.22985667,0,9.5489936,39.36147,900.18819,28.738511,738.10003,23.92382,262.69278,19.438712,217.1318,16.329965,1303.1843,18.338996,1074.8121,16.764654
110,0.001,40.241436,27630.607,1398.8533,33299.341,1688.5839,13.518884,0,283.15682,2385.9027,0.67623631,0.21609783,0,7.2960013,37.433351,691.54685,21.920284,738.10003,23.92382,205.88945,15.48647,217.1318,16.329965,947.04814,14.613668,1074.8121,16.764654
111,0.001,39.915232,27292.923,1385.4453,33255.063,1686.2586,13.442458,0,273.0029,2374.5917,0.69820521,0.22045478,0,8.2108949,37.992642,725.59874,23.158806,738.10003,23.92382,212.99065,16.167435,217.1318,16.329965,1021.5756,15.701922,1074.8121,16.764654
112,0.001,40.260728,27684.374,1405.5117,33297.893,1691.3133,13.492828,0,279.74452,2382.0338,0.67958236,0.21782924,0,7.706114,37.64376,696.98412,22.067112,738.10003,23.92382,206.55718,15.562847,217.1318,16.329965,956.55963,14.856388,1074.8121,16.764654
113,0.001,40.512651,27867.921,1411.4139,33353.009,1689.9421,13.570492,0,300.55875,2390.8564,0.67186595,0.21584947,0,7.3611033,37.371624,679.22585,21.684152,738.10003,23.92382,206.60304,15.476656,217.1318,16.329965,931.99566,14.999932,1074.8121,16.764654
114,0.001,39.932926,27443.288,1394.7361,33302.777,1689.2265,13.467874,0,277.49463,2378.0694,0.69396597,0.21737021,0,7.5185085,37.608054,720.7407,22.790491,738.10003,23.92382,213.04933,16.058485,217.1318,16.329965,964.32041,15.934661,1074.8121,16.764654
115,0.001,40.307396,27721.849,1408.1795,33290.916,1688.2389,13.484319,0,283.68206,2379.4845,0.70611424,0.21944057,0,7.9311697,37.879444,730.45503,22.95179,738.10003,23.92382,216.08505,16.12922,217.1318,16.329965,989.00617,15.489385,1074.8121,16.764654
116,0.001,40.335862,27761.025,1414.7498,33316.49,1689.948,13.478749,0,277.88314,2379.9477,0.6805241,0.21705965,0,7.6519826,37.517614,687.15725,22.294347,738.10003,23.92382,207.824,15.605337,217.1318,16.329965,956.13556,15.119082,1074.8121,16.764654
117,0.001,40.472979,27816.078,1411.2967,33371.128,1694.9424,13.519142,0,284.08075,2385.7144,0.71044291,0.2186732,0,7.7528528,37.785311,740.34969,23.414861,738.10003,23.92382,218.63537,16.488403,217.1318,16.329965,1077.5625,15.62288,1074.8121,16.764654
118,0.001,40.389122,27714.656,1411.5437,33349.425,1691.3763,13.51854,0,287.08739,2384.8397,0.68761046,0.21934918,0,7.9616144,37.855075,691.29034,22.280411,738.10003,23.92382,210.36377,15.782869,217.1318,16.329965,968.24414,15.2392,1074.8121,16.764654
119,0.001,40.166999,27559.075,1401.2113,33293.11,1689.8782,13.500049,0,283.69234,2382.3418,0.6720347,0.21778885,0,7.7979718,37.613035,680.48471,21.904097,738.10003,23.92382,203.72734,15.441639,217.1318,16.329965,955.83334,15.04493,1074.8121,16.764654
120,0.001,40.232059,27705.04,1405.1374,33301.367,1689.427,13.470989,0,278.87684,2378.284,0.66795544,0.21745266,0,7.6249512,37.595951,678.38175,21.57092,738.10003,23.92382,200.90731,15.198135,217.1318,16.329965,937.1979,15.069736,1074.8121,16.764654
121,0.001,40.143626,27512.551,1397.9381,33274.858,1689.4493,13.472531,0,280.46489,2378.1601,0.67973724,0.21827347,0,7.7847583,37.704511,695.59613,22.223776,738.10003,23.92382,209.18645,15.79725,217.1318,16.329965,988.40771,15.299983,1074.8121,16.764654
122,0.001,40.058637,27436.874,1398.8601,33335.472,1690.5908,13.460746,0,280.85107,2375.9191,0.68911615,0.21931338,0,8.0364087,37.829528,712.49082,22.899198,738.10003,23.92382,212.96947,16.039353,217.1318,16.329965,1006.4221,15.804994,1074.8121,16.764654
123,0.001,40.198751,27578.629,1399.1879,33361.827,1691.6718,13.479309,0,280.72855,2379.3254,0.69112889,0.2178336,0,7.8891989,37.597948,707.64113,22.737574,738.10003,23.92382,210.76694,15.882943,217.1318,16.329965,990.23728,15.572102,1074.8121,16.764654
124,0.001,40.021044,27434.781,1392.2971,33285.109,1688.6263,13.484436,0,283.9111,2379.4473,0.67963519,0.21871973,0,7.9193839,37.75138,690.74423,21.934644,738.10003,23.92382,204.78525,15.425352,217.1318,16.329965,965.85746,15.247199,1074.8121,16.764654
125,0.001,39.963071,27441.957,1396.1837,33305.898,1689.5223,13.387487,0,267.0744,2366.106,0.71331657,0.22116721,0,8.2851928,38.103263,740.53882,23.562834,738.10003,23.92382,217.13644,16.337251,217.1318,16.329965,1042.8104,15.754213,1074.8121,16.764654
126,0.0003,39.485389,26973.14,1373.271,33296.902,1687.9368,13.35768,0,261.92077,2361.9984,0.67569044,0.21715119,0,7.6523435,37.534165,684.76732,21.761785,738.10003,23.92382,206.74843,15.531082,217.1318,16.329965,945.31677,15.20338,1074.8121,16.764654
127,0.0003,39.196692,26656.631,1363.0035,33285.707,1688.7583,13.369151,0,266.48113,2362.9231,0.66615113,0.21682344,0,7.6284372,37.48066,668.70689,21.55279,738.10003,23.92382,202.8441,15.242797,217.1318,16.329965,934.09625,15.058529,1074.8121,16.764654
128,0.0003,38.934196,26512.386,1348.4516,33293.14,1687.4041,13.268825,0,250.11443,2348.8481,0.66868239,0.21820339,0,7.7654884,37.696675,673.92479,21.439908,738.10003,23.92382,205.04069,15.316279,217.1318,16.329965,945.7165,15.159114,1074.8121,16.764654
129,0.0003,39.00726,26579.447,1355.6951,33336.13,1691.5443,13.251199,0,247.27017,2346.3675,0.67316523,0.21743239,0,7.6505866,37.585741,680.38628,21.625686,738.10003,23.92382,206.16002,15.443364,217.1318,16.329965,948.14027,14.996305,1074.8121,16.764654
130,0.0003,38.987949,26516.913,1351.127,33353.136,1692.098,13.276535,0,247.63905,2350.8801,0.6942634,0.21934355,0,8.0377406,37.834675,705.92921,22.577838,738.10003,23.92382,211.28998,15.786239,217.1318,16.329965,985.48929,15.32823,1074.8121,16.764654
131,0.0003,39.150054,26668.144,1362.1483,33364.879,1693.4406,13.329149,0,257.14882,2358.0257,0.67422075,0.21738713,0,7.6749141,37.571317,684.02162,21.759582,738.10003,23.92382,206.37806,15.442434,217.1318,16.329965,952.46933,15.245273,1074.8121,16.764654
132,0.0003,38.743406,26260.706,1340.9568,33267.941,1688.1631,13.241731,0,243.27352,2345.6634,0.6862104,0.21896798,0,7.9482011,37.789183,693.39251,22.123952,738.10003,23.92382,209.75964,15.664305,217.1318,16.329965,975.6433,15.448524,1074.8121,16.764654
133,0.0003,38.879711,26414.772,1353.8122,33306.175,1689.0125,13.248788,0,248.09848,2345.7182,0.67513274,0.21902683,0,8.0198846,37.781635,682.68521,21.783185,738.10003,23.92382,205.18516,15.346298,217.1318,16.329965,947.81312,15.156746,1074.8121,16.764654
134,0.0003,38.932164,26485.273,1348.3846,33243.607,1687.747,13.270056,0,246.92742,2349.8831,0.674496,0.21618861,0,7.4600327,37.408102,681.37075,21.738404,738.10003,23.92382,205.11434,15.389019,217.1318,16.329965,934.15292,15.438915,1074.8121,16.764654
135,0.0003,38.771033,26277.141,1336.2671,33404.152,1691.3341,13.28827,0,249.45036,2352.5526,0.67860488,0.21881659,0,7.8730662,37.780782,684.18182,21.877031,738.10003,23.92382,208.10645,15.504283,217.1318,16.329965,960.85451,15.123585,1074.8121,16.764654
136,0.0003,38.881586,26388.847,1343.4363,33371.079,1691.1183,13.293577,0,251.65236,2352.9571,0.67893235,0.21822213,0,7.8374393,37.681766,685.80351,21.944254,738.10003,23.92382,206.23101,15.438551,217.1318,16.329965,965.18367,15.197639,1074.8121,16.764654
137,0.0003,38.824259,26363.743,1349.8103,33277.52,1689.63,13.23054,0,243.24161,2343.6367,0.67544596,0.21843772,0,7.7985465,37.730865,680.72114,21.720447,738.10003,23.92382,206.04709,15.401251,217.1318,16.329965,955.83636,15.111214,1074.8121,16.764654
138,0.0003,39.104779,26615.156,1353.473,33421.773,1695.5074,13.289889,0,253.89078,2351.7168,0.67469113,0.21714709,0,7.5945195,37.548139,681.20441,21.677768,738.10003,23.92382,206.05913,15.437593,217.1318,16.329965,957.1374,15.167387,1074.8121,16.764654
139,0.0003,39.001802,26614.387,1357.6255,33334.57,1690.2778,13.30106,0,252.77845,2354.031,0.67659945,0.21970261,0,8.094201,37.885588,683.63027,21.678811,738.10003,23.92382,204.49133,15.320644,217.1318,16.329965,943.22097,15.249877,1074.8121,16.764654
140,0.0003,38.981272,26519.534,1349.3086,33289.205,1689.6289,13.284086,0,249.86253,2351.6871,0.67618395,0.21809555,0,7.8389193,37.658375,681.04695,21.847821,738.10003,23.92382,205.01478,15.385018,217.1318,16.329965,947.78539,15.306996,1074.8121,16.764654
141,0.0003,38.734799,26332.31,1343.5897,33213.943,1687.6492,13.205574,0,243.26573,2339.0912,0.68889334,0.22065003,0,8.1722499,38.037978,699.62031,22.224841,738.10003,23.92382,208.64305,15.687702,217.1318,16.329965,981.34777,15.139396,1074.8121,16.764654
142,0.0003,38.770206,26321.332,1343.8167,33267.615,1685.6618,13.242914,0,243.51901,2345.8159,0.67775436,0.22026527,0,8.1990147,37.961209,683.95013,21.744163,738.10003,23.92382,204.05011,15.329033,217.1318,16.329965,946.47642,15.223358,1074.8121,16.764654
143,0.0003,38.783031,26363.581,1339.1642,33335.083,1691.2371,13.222766,0,239.90094,2343.0736,0.68941501,0.22163662,0,8.3254603,38.178359,695.59725,22.073306,738.10003,23.92382,208.45911,15.636139,217.1318,16.329965,970.6935,15.270346,1074.8121,16.764654
144,0.0003,38.779712,26295.504,1341.2752,33299.843,1687.7504,13.249854,0,242.46675,2347.3455,0.69270048,0.22020431,0,8.0863589,37.978802,706.08339,22.250817,738.10003,23.92382,209.65349,15.651622,217.1318,16.329965,984.68708,15.348228,1074.8121,16.764654
145,0.0003,38.688135,26310.319,1338.2902,33323.04,1689.2418,13.210272,0,239.66622,2340.8618,0.67609974,0.21894342,0,7.9040825,37.795947,684.40698,21.754823,738.10003,23.92382,205.3005,15.391057,217.1318,16.329965,950.82619,14.985251,1074.8121,16.764654
146,0.0003,38.776476,26338.683,1346.1351,33341.891,1691.272,13.24826,0,244.36748,2346.572,0.67778258,0.21894143,0,7.9272192,37.789696,682.19464,21.75143,738.10003,23.92382,206.06124,15.390444,217.1318,16.329965,955.82093,15.221891,1074.8121,16.764654
147,0.0003,38.790297,26383.611,1347.6662,33399.013,1692.7301,13.217249,0,238.98518,2342.3036,0.70055383,0.21958398,0,8.0489192,37.875545,712.48485,22.806171,738.10003,23.92382,214.06767,15.938678,217.1318,16.329965,962.28754,15.235086,1074.8121,16.764654
148,0.0003,38.774655,26286.183,1340.132,33404.796,1694.4353,13.255646,0,243.56109,2348.1201,0.67965877,0.22077469,0,8.4004785,38.00255,681.39706,22.007733,738.10003,23.92382,206.45291,15.479962,217.1318,16.329965,949.77374,15.261722,1074.8121,16.764654
149,0.0003,38.819646,26334.551,1339.1079,33402.903,1692.5285,13.236977,0,239.93849,2345.6479,0.67027737,0.21746499,0,7.7245189,37.572847,676.74284,21.549679,738.10003,23.92382,205.55858,15.376642,217.1318,16.329965,944.25341,15.074624,1074.8121,16.764654
150,0.0003,38.770531,26373.407,1347.4169,33209.407,1686.7827,13.158771,0,233.97235,2332.9473,0.67887286,0.21909387,0,7.9675529,37.807146,686.29802,21.869348,738.10003,23.92382,207.07327,15.445617,217.1318,16.329965,948.87093,15.066912,1074.8121,16.764654
151,0.0003,38.695958,26257.362,1345.5958,33340.823,1692.705,13.229536,0,243.91802,2343.282,0.6761891,0.22156333,0,8.4589157,38.131063,682.69232,21.782701,738.10003,23.92382,204.07265,15.317895,217.1318,16.329965,943.14381,14.914202,1074.8121,16.764654
152,0.0003,38.556288,26111.986,1328.5145,33210.988,1683.9742,13.210433,0,240.57362,2340.6599,0.68330808,0.21935164,0,7.9416162,37.860614,695.483,22.136975,738.10003,23.92382,208.62898,15.652864,217.1318,16.329965,977.8415,15.02984,1074.8121,16.764654
153,0.0003,38.564377,26144.112,1336.0814,33331.42,1691.1054,13.243754,0,244.24942,2345.7826,0.68114891,0.21759113,0,7.6017489,37.627032,691.20707,21.903249,738.10003,23.92382,208.62355,15.554762,217.1318,16.329965,958.09572,15.117401,1074.8121,16.764654
154,0.0003,38.818413,26417.32,1344.0454,33226.656,1687.0733,13.260439,0,242.02739,2349.3819,0.68200938,0.21885865,0,7.8744734,37.788071,691.13241,22.009903,738.10003,23.92382,207.12961,15.52422,217.1318,16.329965,969.88317,15.180919,1074.8121,16.764654
155,0.0003,38.358159,25889.875,1329.2479,33292.665,1689.6131,13.202518,0,237.86501,2339.9104,0.67525036,0.2184435,0,7.839983,37.721369,680.44854,21.846535,738.10003,23.92382,204.2603,15.354657,217.1318,16.329965,946.50844,14.911844,1074.8121,16.764654
156,0.0003,38.50278,26131.669,1339.8812,33320.082,1689.9345,13.184187,0,237.57367,2336.6516,0.67604256,0.21878034,0,7.8434741,37.781724,682.62071,21.696141,738.10003,23.92382,204.60962,15.341505,217.1318,16.329965,961.66042,15.279185,1074.8121,16.764654
157,0.0003,38.750293,26240.617,1339.0798,33306.527,1690.9196,13.278696,0,249.41033,2350.8221,0.69484779,0.21911873,0,7.9338044,37.820256,707.45727,22.347807,738.10003,23.92382,209.68188,15.66886,217.1318,16.329965,970.33428,15.496905,1074.8121,16.764654
158,0.0003,38.586101,26198.476,1333.9568,33267.962,1686.0923,13.179854,0,239.7495,2335.3099,0.67445782,0.21675041,0,7.4595322,37.510376,680.4758,21.636814,738.10003,23.92382,207.86422,15.5144,217.1318,16.329965,944.48363,15.224956,1074.8121,16.764654
159,0.0003,38.73841,26309.775,1343.755,33374.347,1691.4239,13.200119,0,239.48033,2339.063,0.68367815,0.22082523,0,8.307228,38.035475,686.69925,22.091303,738.10003,23.92382,205.87203,15.47698,217.1318,16.329965,958.6778,15.152569,1074.8121,16.764654
160,0.0003,38.640047,26170.686,1337.1549,33262.964,1688.1384,13.245233,0,243.00182,2346.3692,0.67526602,0.21854802,0,7.8629254,37.734533,684.1537,21.712461,738.10003,23.92382,204.35656,15.310833,217.1318,16.329965,932.68834,15.006598,1074.8121,16.764654
161,0.0003,38.722389,26387.069,1341.9779,33396.007,1692.5356,13.255979,0,246.32051,2347.4783,0.67399198,0.21874086,0,7.8792276,37.765445,678.47603,21.67172,738.10003,23.92382,205.55765,15.406408,217.1318,16.329965,949.09821,14.997758,1074.8121,16.764654
162,0.0003,38.802665,26319.215,1343.291,33243.146,1686.0809,13.260058,0,247.94507,2347.8064,0.67213247,0.21896051,0,7.9831677,37.778924,679.27324,21.538937,738.10003,23.92382,205.6601,15.404072,217.1318,16.329965,927.04183,15.029941,1074.8121,16.764654
163,0.0003,38.390874,26008.88,1328.1741,33184.02,1683.8089,13.174749,0,235.70093,2335.4123,0.6789116,0.21797524,0,7.7484902,37.65952,688.26966,21.804184,738.10003,23.92382,206.38864,15.485815,217.1318,16.329965,956.43181,15.317397,1074.8121,16.764654
164,0.0003,38.835,26409.103,1346.7897,33348.028,1690.151,13.275079,0,251.33381,2349.6749,0.679214,0.21873691,0,7.8800331,37.764521,684.21946,21.814423,738.10003,23.92382,207.37642,15.485057,217.1318,16.329965,944.31559,15.195662,1074.8121,16.764654
165,0.0003,38.608559,26179.735,1337.1622,33256.334,1686.4122,13.21935,0,241.96383,2341.9273,0.67714431,0.21999584,0,8.1920417,37.913997,680.15844,21.933378,738.10003,23.92382,204.50396,15.395432,217.1318,16.329965,946.39543,15.046178,1074.8121,16.764654
166,0.0003,38.607537,26213.773,1336.2151,33337.65,1690.9612,13.157234,0,232.47949,2333.0477,0.68435064,0.2192155,0,7.8821174,37.851007,697.03009,22.236282,738.10003,23.92382,210.35446,15.813535,217.1318,16.329965,989.46446,15.6204,1074.8121,16.764654
167,0.0003,38.448361,26053.121,1331.2424,33338.868,1690.7978,13.203474,0,238.5219,2339.917,0.67818554,0.2183279,0,7.7861364,37.714057,687.04863,21.812461,738.10003,23.92382,208.17988,15.54989,217.1318,16.329965,965.55603,15.48102,1074.8121,16.764654
168,0.0003,38.467075,26081.976,1328.261,33343.616,1690.4205,13.207976,0,240.04761,2340.3471,0.67530832,0.2169744,0,7.5336449,37.532237,681.15368,21.728001,738.10003,23.92382,207.00322,15.47851,217.1318,16.329965,952.32967,15.108621,1074.8121,16.764654
169,0.0003,38.470494,26060.17,1336.3357,33348.705,1688.74,13.183308,0,234.24009,2337.3404,0.68889958,0.21934149,0,7.9831796,37.84819,693.18797,22.111313,738.10003,23.92382,211.70462,15.746587,217.1318,16.329965,980.00061,15.284083,1074.8121,16.764654
170,0.0003,38.588283,26226.633,1339.8512,33318.822,1688.8211,13.215182,0,237.92682,2342.1971,0.6778633,0.21977422,0,8.1024842,37.896498,683.23787,21.833134,738.10003,23.92382,205.23585,15.383455,217.1318,16.329965,941.78279,14.831199,1074.8121,16.764654
171,0.0003,38.627641,26071.254,1330.7151,33300.057,1690.2033,13.249657,0,243.99055,2346.9219,0.68255666,0.21696557,0,7.6053845,37.51237,691.92641,22.081051,738.10003,23.92382,207.90824,15.60117,217.1318,16.329965,970.39622,15.407297,1074.8121,16.764654
172,0.0003,38.765452,26367.351,1340.4143,33308.35,1688.6516,13.259888,0,244.20804,2348.7267,0.68421868,0.21738278,0,7.6714633,37.571407,694.00197,22.027988,738.10003,23.92382,208.5987,15.542645,217.1318,16.329965,951.51404,15.330574,1074.8121,16.764654
173,0.0003,38.392206,25981.587,1319.6955,33206.16,1684.4886,13.193104,0,234.50205,2339.0548,0.68686961,0.21781534,0,7.756998,37.628281,692.59727,22.240391,738.10003,23.92382,211.53137,15.768841,217.1318,16.329965,979.67748,15.481922,1074.8121,16.764654
174,0.0003,38.629098,26128.057,1336.8226,33320.018,1690.6481,13.245945,0,243.59448,2346.3478,0.6694401,0.21714638,0,7.5761796,37.552677,674.78,21.485874,738.10003,23.92382,205.98685,15.33747,217.1318,16.329965,933.58416,15.145104,1074.8121,16.764654
175,0.0003,38.445726,26123.562,1329.5101,33307.081,1691.0967,13.181209,0,236.95409,2336.2678,0.67709092,0.2176576,0,7.762012,37.598324,683.07182,21.87817,738.10003,23.92382,207.43418,15.493619,217.1318,16.329965,954.9487,15.329776,1074.8121,16.764654
176,0.0003,38.510941,26080.071,1334.965,33374.787,1695.5165,13.195508,0,239.25566,2338.2818,0.67570549,0.21674853,0,7.5805829,37.47922,680.47631,21.800318,738.10003,23.92382,208.28702,15.581622,217.1318,16.329965,965.32197,15.195568,1074.8121,16.764654
177,0.0003,38.585197,26054.201,1330.0358,33294.577,1688.4301,13.247897,0,246.4866,2345.9665,0.68017299,0.21810886,0,7.7788456,37.676087,687.62803,21.921621,738.10003,23.92382,207.49986,15.498675,217.1318,16.329965,955.21201,15.268699,1074.8121,16.764654
178,0.0003,38.262712,25800.509,1321.5621,33288.557,1690.5179,13.164875,0,231.19804,2334.7632,0.67958256,0.21924789,0,7.9671826,37.835242,688.60994,21.932461,738.10003,23.92382,206.765,15.493713,217.1318,16.329965,966.73025,15.097505,1074.8121,16.764654
179,0.0003,38.416108,25983.305,1328.765,33342.22,1692.1111,13.195845,0,236.95521,2338.9286,0.67725381,0.21586802,0,7.4069827,37.363318,687.12691,21.770433,738.10003,23.92382,207.86332,15.4686,217.1318,16.329965,956.65712,15.442379,1074.8121,16.764654
180,0.0003,38.383652,25876.412,1321.9706,33359.459,1691.0632,13.183763,0,232.73113,2337.8073,0.67093561,0.21975532,0,8.1586279,37.878771,671.98574,21.627731,738.10003,23.92382,203.6733,15.334244,217.1318,16.329965,934.19381,14.939699,1074.8121,16.764654
181,0.0003,38.11273,25739.579,1320.5914,33301.692,1689.7054,13.136381,0,228.65585,2330.2297,0.67779709,0.21769044,0,7.7179825,37.615503,685.87747,21.825821,738.10003,23.92382,208.29644,15.566766,217.1318,16.329965,957.17954,15.180065,1074.8121,16.764654
182,0.0003,38.414368,25972.694,1333.1608,33257.337,1688.5152,13.183543,0,235.07621,2337.1703,0.67139986,0.21828244,0,7.8174323,37.697824,679.67616,21.575808,738.10003,23.92382,206.24882,15.429892,217.1318,16.329965,949.26838,15.092154,1074.8121,16.764654
183,0.0003,38.603186,26233.865,1336.413,33363.542,1690.1745,13.168095,0,233.44003,2334.7779,0.68021878,0.21859924,0,7.8256382,37.753336,689.29741,21.916987,738.10003,23.92382,209.46138,15.652227,217.1318,16.329965,965.32167,15.126665,1074.8121,16.764654
184,0.0003,38.462629,26048.143,1328.7073,33270.944,1686.0524,13.199986,0,237.86295,2339.4505,0.67435786,0.21672512,0,7.4758552,37.501622,677.35795,21.652603,738.10003,23.92382,207.79655,15.551481,217.1318,16.329965,955.61887,15.344881,1074.8121,16.764654
185,0.0003,38.622215,26170.025,1336.4889,33349.096,1694.0838,13.222266,0,243.0658,2342.1771,0.67471789,0.21717149,0,7.6459173,37.539493,686.86736,21.929406,738.10003,23.92382,205.10197,15.433205,217.1318,16.329965,942.92527,15.561933,1074.8121,16.764654
186,0.0003,38.679058,26246.531,1342.6334,33340.021,1690.3487,13.21781,0,240.33231,2342.0627,0.66924301,0.2168789,0,7.6032897,37.497145,677.15291,21.590417,738.10003,23.92382,202.12025,15.229768,217.1318,16.329965,927.80357,15.076811,1074.8121,16.764654
187,9e-05,37.956067,25546.974,1307.6346,33229.474,1685.3454,13.127295,0,226.51917,2329.1215,0.66549871,0.21540186,0,7.2987433,37.306113,671.38094,21.456736,738.10003,23.92382,205.21498,15.354381,217.1318,16.329965,924.40694,15.383338,1074.8121,16.764654
188,9e-05,38.095345,25700.648,1312.069,33369.477,1692.2255,13.170482,0,233.34146,2335.2371,0.67282061,0.21663725,0,7.4917197,37.481609,680.5415,21.562026,738.10003,23.92382,207.47599,15.448095,217.1318,16.329965,934.99001,15.197995,1074.8121,16.764654
189,9e-05,38.069788,25732.325,1314.2372,33436.588,1695.199,13.110497,0,223.62239,2326.8047,0.67741885,0.21751867,0,7.6548121,37.600352,683.1131,21.809439,738.10003,23.92382,209.13002,15.557447,217.1318,16.329965,950.55468,15.226793,1074.8121,16.764654
190,9e-05,38.058023,25653.678,1319.3155,33256.615,1689.2219,13.145227,0,229.08494,2331.7288,0.66582963,0.21544476,0,7.2824912,37.318049,673.54793,21.472363,738.10003,23.92382,205.00108,15.330786,217.1318,16.329965,924.39327,15.312608,1074.8121,16.764654
191,9e-05,38.105151,25704.795,1315.1847,33346.093,1691.7996,13.154131,0,229.57401,2333.2231,0.67338892,0.21915371,0,7.9454222,37.823659,677.81711,21.57506,738.10003,23.92382,206.01441,15.392601,217.1318,16.329965,941.82745,15.110065,1074.8121,16.764654
192,9e-05,37.972103,25591.079,1307.2883,33255.936,1686.2652,13.126604,0,226.6088,2328.9731,0.67461175,0.21723306,0,7.5851733,37.566148,684.25905,21.671524,738.10003,23.92382,208.44107,15.533829,217.1318,16.329965,942.93698,15.208122,1074.8121,16.764654
193,9e-05,38.062944,25628.898,1314.1991,33369.331,1694.3665,13.141234,0,228.24516,2331.2165,0.67467308,0.21930583,0,8.0055469,37.836011,678.1827,21.713357,738.10003,23.92382,206.3026,15.447228,217.1318,16.329965,947.13561,15.084115,1074.8121,16.764654
194,9e-05,37.72104,25315.275,1297.9336,33302.96,1689.5018,13.104474,0,221.82166,2326.168,0.6767785,0.21835876,0,7.7948669,37.717445,685.17126,21.707614,738.10003,23.92382,206.50331,15.433718,217.1318,16.329965,933.3872,15.167613,1074.8121,16.764654
195,9e-05,38.059047,25618.406,1312.0726,33358.207,1689.9349,13.133907,0,227.37557,2330.1057,0.67690763,0.21735561,0,7.6507983,37.571727,684.89644,21.774031,738.10003,23.92382,208.28253,15.538111,217.1318,16.329965,950.48366,15.305472,1074.8121,16.764654
196,9e-05,37.863471,25553.792,1310.9209,33374.772,1691.2715,13.080779,0,219.49633,2322.4516,0.67076015,0.21651625,0,7.4573892,37.468345,679.24343,21.594718,738.10003,23.92382,207.3464,15.479459,217.1318,16.329965,945.46043,15.334188,1074.8121,16.764654
197,9e-05,37.800845,25456.72,1303.4419,33205.765,1684.9317,13.089209,0,220.70473,2323.6768,0.6780649,0.22039471,0,8.2237935,37.978436,682.95952,21.803659,738.10003,23.92382,206.22896,15.429611,217.1318,16.329965,938.76156,15.131408,1074.8121,16.764654
198,9e-05,38.029354,25707.981,1317.9198,33357.32,1693.318,13.133362,0,229.09502,2329.5688,0.67940399,0.21908616,0,7.9174361,37.8185,686.43704,21.842723,738.10003,23.92382,207.14427,15.484858,217.1318,16.329965,951.33933,15.14708,1074.8121,16.764654
199,9e-05,37.935798,25564.245,1305.6112,33300.854,1687.2733,13.14446,0,227.39001,2332.0208,0.67918505,0.21906206,0,7.9519537,37.805332,688.58519,21.856447,738.10003,23.92382,206.46055,15.434825,217.1318,16.329965,951.2868,15.197811,1074.8121,16.764654
200,9e-05,37.892948,25525.924,1312.1779,33265.534,1687.6201,13.099864,0,221.19672,2325.4889,0.67605576,0.2182225,0,7.7613693,37.701197,681.93376,21.71972,738.10003,23.92382,208.33847,15.529603,217.1318,16.329965,953.74649,15.422936,1074.8121,16.764654
201,9e-05,37.972086,25579.919,1316.2345,33283.094,1686.624,13.109959,0,225.70129,2326.1777,0.68294067,0.21828732,0,7.8189369,37.698329,688.89366,21.993628,738.10003,23.92382,209.44471,15.604239,217.1318,16.329965,952.8073,15.171752,1074.8121,16.764654
202,9e-05,37.635639,25334.983,1301.6636,33385.975,1693.5993,13.057983,0,215.36933,2319.3574,0.68438223,0.21916995,0,7.9752465,37.819019,691.35602,22.112319,738.10003,23.92382,209.26681,15.61671,217.1318,16.329965,948.80902,15.241429,1074.8121,16.764654
203,9e-05,38.035027,25582.665,1309.0729,33373.819,1693.5106,13.121339,0,227.03217,2327.908,0.68138661,0.21883612,0,7.9331874,37.769028,688.06348,21.911109,738.10003,23.92382,208.97919,15.556166,217.1318,16.329965,954.62107,15.346194,1074.8121,16.764654
204,9e-05,38.028188,25681.8,1316.0992,33255.355,1686.8483,13.104485,0,223.28329,2325.798,0.67846513,0.21845749,0,7.8620097,37.718305,687.02945,21.814554,738.10003,23.92382,208.06153,15.509587,217.1318,16.329965,948.78388,15.133744,1074.8121,16.764654
205,9e-05,37.911321,25523.46,1314.7321,33320.653,1690.6844,13.103457,0,225.29276,2325.0994,0.67786058,0.21816438,0,7.7597816,37.691035,682.9374,21.803428,738.10003,23.92382,207.61235,15.510486,217.1318,16.329965,944.78825,15.262304,1074.8121,16.764654
206,9e-05,37.945412,25505.256,1305.7223,33240.497,1685.3265,13.125433,0,227.10355,2328.6342,0.6939618,0.21698711,0,7.5001224,37.54308,709.41429,22.361436,738.10003,23.92382,212.12435,15.898725,217.1318,16.329965,963.90483,15.946299,1074.8121,16.764654
207,9e-05,38.265763,25921.376,1328.8831,33349.118,1691.7082,13.135478,0,230.91643,2329.4901,0.67947754,0.21864256,0,7.8326728,37.759422,687.2696,21.864842,738.10003,23.92382,206.75963,15.480854,217.1318,16.329965,955.93483,15.14967,1074.8121,16.764654
208,9e-05,38.36762,25936.281,1321.872,33295.521,1687.1707,13.178816,0,233.4002,2336.7374,0.67293593,0.21860968,0,7.8246006,37.755499,679.54069,21.566771,738.10003,23.92382,206.63319,15.423555,217.1318,16.329965,950.10142,15.219637,1074.8121,16.764654
209,9e-05,38.216686,25832.054,1321.3092,33252.574,1685.9304,13.166729,0,230.30027,2335.3289,0.66880408,0.21619577,0,7.3457253,37.4385,672.00311,21.348296,738.10003,23.92382,207.13599,15.422823,217.1318,16.329965,930.57409,15.274499,1074.8121,16.764654
210,9e-05,38.13146,25677.664,1316.8898,33342.405,1692.597,13.152587,0,231.87049,2332.358,0.67786124,0.2186485,0,7.8934103,37.745041,683.87304,21.760584,738.10003,23.92382,207.06004,15.456112,217.1318,16.329965,955.18681,15.209831,1074.8121,16.764654
211,9e-05,37.708743,25262.986,1300.2402,33182.578,1686.7099,13.11098,0,224.38143,2326.6994,0.68501611,0.21705582,0,7.5261102,37.548958,696.81606,22.031503,738.10003,23.92382,209.89112,15.664143,217.1318,16.329965,957.3955,15.95545,1074.8121,16.764654
212,9e-05,37.954413,25524.708,1307.9865,33443.004,1694.2901,13.095489,0,224.3891,2323.8809,0.68278241,0.22023729,0,8.1826653,37.960284,692.30403,21.877455,738.10003,23.92382,207.35102,15.483945,217.1318,16.329965,957.70097,15.465646,1074.8121,16.764654
213,9e-05,37.935682,25612.102,1304.3474,33397.396,1695.671,13.088388,0,221.0144,2323.4487,0.68259799,0.2197633,0,8.0491931,37.908078,694.1106,21.938399,738.10003,23.92382,208.19765,15.495262,217.1318,16.329965,954.72188,15.210179,1074.8121,16.764654
214,9e-05,37.942619,25532.061,1303.6957,33326.903,1691.9395,13.120542,0,227.76875,2327.5756,0.67361064,0.21823748,0,7.7736612,37.700792,678.13462,21.642512,738.10003,23.92382,207.94652,15.51235,217.1318,16.329965,945.74496,15.080023,1074.8121,16.764654
215,9e-05,37.661894,25378.534,1297.6289,33331.155,1689.1421,13.080836,0,220.40489,2322.2308,0.67704846,0.21809102,0,7.7586773,37.677977,682.94441,21.726565,738.10003,23.92382,207.90133,15.516094,217.1318,16.329965,948.56687,15.353475,1074.8121,16.764654
216,9e-05,37.955738,25571.795,1316.1516,33353.76,1692.0611,13.089564,0,222.24878,2323.3483,0.68363976,0.21923575,0,7.9571582,37.835588,690.41697,21.951863,738.10003,23.92382,208.49474,15.549141,217.1318,16.329965,964.80771,15.350869,1074.8121,16.764654
217,9e-05,37.980596,25561.329,1312.265,33295.286,1688.9119,13.100396,0,219.88234,2325.9202,0.67894048,0.21828226,0,7.7965504,37.703108,687.37145,21.772339,738.10003,23.92382,210.05001,15.625783,217.1318,16.329965,961.13861,15.459711,1074.8121,16.764654
218,9e-05,37.728423,25440.63,1300.9794,33330.909,1690.1642,13.063616,0,217.40182,2319.8643,0.68487413,0.22011347,0,8.1641438,37.942486,690.33121,22.101594,738.10003,23.92382,209.77302,15.636148,217.1318,16.329965,944.4185,15.120001,1074.8121,16.764654
219,9e-05,37.802907,25414.433,1299.7547,33294.452,1690.4695,13.075928,0,218.05406,2321.9368,0.68103968,0.22035302,0,8.1699207,37.98457,686.63128,21.88012,738.10003,23.92382,208.19252,15.499331,217.1318,16.329965,945.61388,15.209036,1074.8121,16.764654
220,9e-05,37.796504,25314.226,1293.1925,33215.899,1685.3169,13.11313,0,225.80449,2326.728,0.67802287,0.21828939,0,7.7450976,37.717501,685.87136,21.745262,738.10003,23.92382,210.13915,15.625687,217.1318,16.329965,965.26709,15.360036,1074.8121,16.764654
221,9e-05,37.921599,25602.519,1306.0937,33306.292,1688.0089,13.129123,0,224.64487,2329.931,0.67459984,0.21761321,0,7.6556207,37.617335,681.67654,21.622247,738.10003,23.92382,207.57342,15.468213,217.1318,16.329965,941.31725,15.27634,1074.8121,16.764654
222,9e-05,37.835107,25424.854,1297.1877,33291.393,1688.0289,13.089218,0,221.47818,2323.4815,0.67663687,0.21866025,0,7.8085137,37.768789,682.44079,21.605159,738.10003,23.92382,208.3998,15.511027,217.1318,16.329965,952.05326,15.326688,1074.8121,16.764654
223,9e-05,37.921836,25619.215,1307.1107,33326.64,1690.8837,13.091001,0,218.53425,2324.5551,0.67793244,0.21888567,0,7.8923301,37.788438,681.80383,21.770329,738.10003,23.92382,207.027,15.49378,217.1318,16.329965,955.19335,15.182615,1074.8121,16.764654
224,9e-05,37.709954,25396.836,1306.5827,33291.517,1689.9124,13.072069,0,220.63677,2320.5777,0.67331393,0.21796305,0,7.7267476,37.662838,678.63911,21.645603,738.10003,23.92382,207.98245,15.50249,217.1318,16.329965,954.21506,15.282149,1074.8121,16.764654
225,9e-05,38.04384,25688.418,1313.696,33344.088,1691.2672,13.131857,0,225.95733,2330.0941,0.6766905,0.21834181,0,7.8083032,37.710943,683.18366,21.704947,738.10003,23.92382,207.76827,15.496205,217.1318,16.329965,951.97034,15.258814,1074.8121,16.764654
226,9e-05,37.761041,25417.749,1297.1916,33331.323,1690.763,13.096746,0,220.32746,2325.1432,0.68742744,0.22042076,0,8.1707617,37.996673,700.47743,22.098385,738.10003,23.92382,208.99724,15.582613,217.1318,16.329965,967.2733,15.393677,1074.8121,16.764654
227,9e-05,37.874228,25521.284,1305.557,33295.287,1688.2706,13.100241,0,221.12449,2325.5757,0.68135234,0.21896864,0,7.9238639,37.795497,689.79862,21.875023,738.10003,23.92382,207.04223,15.470826,217.1318,16.329965,959.09747,15.111662,1074.8121,16.764654
228,9e-05,37.744499,25349.547,1298.6676,33236.642,1688.2747,13.075443,0,221.25178,2321.0347,0.69030852,0.22022783,0,8.1066387,37.977917,697.50544,22.201107,738.10003,23.92382,210.63897,15.67272,217.1318,16.329965,969.97561,15.265355,1074.8121,16.764654
229,9e-05,37.915602,25554.533,1302.7627,33464.771,1696.6059,13.115757,0,224.54496,2327.5261,0.68690019,0.21962186,0,8.067669,37.877659,696.37773,22.040493,738.10003,23.92382,209.61048,15.598197,217.1318,16.329965,956.65623,15.269087,1074.8121,16.764654
230,9e-05,37.739916,25344.868,1304.5419,33196.993,1685.0552,13.083539,0,224.44062,2321.6949,0.67648779,0.21719819,0,7.5583282,37.566643,683.41208,21.638594,738.10003,23.92382,208.77642,15.524165,217.1318,16.329965,949.54039,15.377175,1074.8121,16.764654
231,9e-05,37.944351,25477.497,1299.4162,33333.614,1688.9504,13.148324,0,230.19651,2332.0089,0.67926798,0.21870051,0,7.8805373,37.757774,687.99519,21.779181,738.10003,23.92382,208.25896,15.518948,217.1318,16.329965,951.75211,15.252795,1074.8121,16.764654
232,9e-05,38.006295,25730.803,1315.699,33285.255,1688.3067,13.083799,0,224.68504,2321.6799,0.67997994,0.21874219,0,7.9070696,37.758599,689.34302,21.829402,738.10003,23.92382,207.33078,15.453607,217.1318,16.329965,947.58775,15.291529,1074.8121,16.764654
233,9e-05,37.833237,25470.23,1301.7609,33340.085,1688.7026,13.078582,0,219.35022,2322.0894,0.67915074,0.21912408,0,7.9345786,37.82103,686.55867,21.845692,738.10003,23.92382,207.20168,15.44687,217.1318,16.329965,942.04049,15.230644,1074.8121,16.764654
234,9e-05,37.855128,25481.33,1303.235,33341.002,1691.7177,13.086073,0,217.7845,2323.85,0.67837066,0.2201877,0,8.1879961,37.949911,685.14839,21.731106,738.10003,23.92382,206.50785,15.430867,217.1318,16.329965,949.4893,15.352839,1074.8121,16.764654
235,9e-05,37.817737,25359.737,1301.8159,33246.067,1688.1674,13.120654,0,225.135,2328.2664,0.68640126,0.21894842,0,7.8649509,37.806816,699.83905,22.085539,738.10003,23.92382,210.11958,15.626468,217.1318,16.329965,967.5921,15.293016,1074.8121,16.764654
236,9e-05,37.631466,25267.243,1300.22,33303.157,1689.876,13.066404,0,219.89828,2319.7356,0.67838336,0.21965858,0,8.0959645,37.877134,685.60066,21.79569,738.10003,23.92382,206.75508,15.437954,217.1318,16.329965,957.76398,15.119077,1074.8121,16.764654
237,9e-05,37.931607,25610.411,1307.6057,33266.486,1686.4713,13.12353,0,227.3073,2328.2364,0.68021036,0.21718326,0,7.6193675,37.54839,686.80735,21.890414,738.10003,23.92382,208.45898,15.549082,217.1318,16.329965,952.10729,15.215462,1074.8121,16.764654
238,9e-05,37.794059,25454.077,1300.2305,33281.993,1687.674,13.098476,0,224.88084,2324.2987,0.68407444,0.21886269,0,7.908092,37.780248,694.5556,21.970388,738.10003,23.92382,209.51698,15.573041,217.1318,16.329965,957.48366,15.172747,1074.8121,16.764654
239,9e-05,37.79547,25437.199,1306.6924,33298.221,1689.4696,13.079266,0,218.43875,2322.4457,0.67691498,0.21839811,0,7.8043823,37.722178,684.5229,21.72916,738.10003,23.92382,208.43369,15.512988,217.1318,16.329965,956.71334,15.160912,1074.8121,16.764654
240,9e-05,37.863117,25467.369,1304.8573,33227.266,1686.5228,13.133402,0,226.83311,2330.152,0.68535742,0.21965355,0,8.0449566,37.889203,695.60717,22.019036,738.10003,23.92382,208.02674,15.509887,217.1318,16.329965,951.58804,15.22455,1074.8121,16.764654
241,9e-05,37.641777,25277.684,1296.5027,33279.382,1687.8947,13.059173,0,218.81878,2318.6958,0.67342024,0.21866396,0,7.8975166,37.746807,678.32178,21.714808,738.10003,23.92382,205.12106,15.377453,217.1318,16.329965,944.74504,15.242747,1074.8121,16.764654
242,9e-05,37.989543,25611.667,1310.2917,33325.155,1691.2646,13.110266,0,224.92245,2326.4317,0.68153592,0.21723103,0,7.6149489,37.558201,690.2491,21.924933,738.10003,23.92382,207.39937,15.556264,217.1318,16.329965,936.02884,15.511884,1074.8121,16.764654
243,9e-05,37.828028,25431.384,1306.2077,33352.572,1692.5977,13.080331,0,221.9864,2321.7364,0.67621973,0.21902235,0,7.9842385,37.789893,683.59865,21.768457,738.10003,23.92382,206.34469,15.423759,217.1318,16.329965,945.16643,15.207419,1074.8121,16.764654
244,9e-05,37.826477,25449.605,1304.3208,33339.496,1690.2367,13.073863,0,216.85712,2321.866,0.6893216,0.21969887,0,8.0031568,37.908082,699.36982,22.186498,738.10003,23.92382,209.79703,15.617774,217.1318,16.329965,969.8891,15.256167,1074.8121,16.764654
245,9e-05,37.7009,25336.256,1300.2923,33168.11,1683.7979,13.062782,0,221.01866,2318.7919,0.67600079,0.21848938,0,7.8412514,37.729387,684.10469,21.667982,738.10003,23.92382,206.64458,15.436265,217.1318,16.329965,940.06902,15.305243,1074.8121,16.764654
246,9e-05,37.793235,25421.266,1300.6681,33272.98,1686.6243,13.089787,0,220.26498,2323.8938,0.6797894,0.21790559,0,7.7297191,37.651634,686.97065,21.81485,738.10003,23.92382,209.52547,15.610825,217.1318,16.329965,961.14445,15.465332,1074.8121,16.764654
247,9e-05,37.70862,25338.837,1298.7833,33346.049,1691.5804,13.093456,0,221.05776,2324.3591,0.67949364,0.21919916,0,7.9353144,37.834495,686.0902,21.848464,738.10003,23.92382,209.31376,15.61047,217.1318,16.329965,965.23687,15.455924,1074.8121,16.764654
248,2.7e-05,37.689904,25273.296,1295.8345,33319.167,1691.563,13.11003,0,221.30497,2327.3097,0.68064936,0.21842422,0,7.7441844,37.742248,691.05936,21.739989,738.10003,23.92382,210.17102,15.603764,217.1318,16.329965,949.02937,15.441653,1074.8121,16.764654
249,2.7e-05,37.600438,25272.367,1297.9067,33227.09,1685.6538,13.062064,0,214.76073,2320.2543,0.67597263,0.21887787,0,7.8906835,37.787439,681.3594,21.644064,738.10003,23.92382,207.48408,15.473453,217.1318,16.329965,945.11926,15.349899,1074.8121,16.764654
250,2.7e-05,37.509984,25149.69,1296.5887,33300.139,1687.9415,13.042478,0,218.14802,2315.831,0.67695745,0.21849295,0,7.8481162,37.72829,682.81186,21.701325,738.10003,23.92382,207.72168,15.523019,217.1318,16.329965,947.09127,15.361737,1074.8121,16.764654
251,2.7e-05,37.657664,25265.556,1293.2947,33398.384,1695.3087,13.072014,0,217.97462,2321.2453,0.67696685,0.21811142,0,7.7315967,37.688578,681.84784,21.713438,738.10003,23.92382,209.29492,15.586386,217.1318,16.329965,956.08311,15.277993,1074.8121,16.764654
252,2.7e-05,37.530978,25221.529,1292.806,33277.616,1687.5888,13.030426,0,214.27657,2314.6252,0.67701469,0.21970702,0,8.0588632,37.895384,683.08535,21.683918,738.10003,23.92382,206.81696,15.452811,217.1318,16.329965,945.43458,15.242323,1074.8121,16.764654
253,2.7e-05,37.910192,25508.346,1303.2086,33357.822,1691.8616,13.104594,0,223.89661,2325.6617,0.67706562,0.21880941,0,7.859121,37.783025,684.16625,21.69336,738.10003,23.92382,207.56569,15.473119,217.1318,16.329965,948.87007,15.257837,1074.8121,16.764654
254,2.7e-05,37.668702,25228.841,1296.2884,33254.488,1687.6842,13.071401,0,218.48826,2321.0032,0.68172284,0.21842064,0,7.7953892,37.728563,689.78044,21.966977,738.10003,23.92382,209.37541,15.609608,217.1318,16.329965,959.22543,15.275921,1074.8121,16.764654
255,2.7e-05,37.886059,25476.143,1306.9572,33372.092,1693.6655,13.079011,0,217.6239,2322.6068,0.68038871,0.21921094,0,7.9399696,37.835451,688.9261,21.853057,738.10003,23.92382,208.60188,15.562829,217.1318,16.329965,962.86427,15.173565,1074.8121,16.764654
256,2.7e-05,37.429317,25149.132,1293.5322,33215.151,1688.0745,12.984045,0,207.29407,2307.9697,0.67705559,0.21782729,0,7.6718402,37.65213,683.52609,21.773746,738.10003,23.92382,208.59186,15.562293,217.1318,16.329965,958.99644,15.272781,1074.8121,16.764654
257,2.7e-05,37.547271,25207.855,1290.9223,33280.253,1688.3151,13.057919,0,213.78921,2319.748,0.68048148,0.21854291,0,7.8190531,37.744771,687.38932,21.800096,738.10003,23.92382,209.47448,15.582679,217.1318,16.329965,958.89744,15.283478,1074.8121,16.764654
258,2.7e-05,37.6003,25233.432,1295.2923,33341.757,1692.0183,13.055596,0,217.73842,2318.3204,0.67898591,0.21984077,0,8.0839328,37.913321,684.90854,21.744339,738.10003,23.92382,207.4083,15.480168,217.1318,16.329965,952.63054,15.153369,1074.8121,16.764654
259,2.7e-05,37.601026,25194.604,1290.4548,33325.081,1689.8478,13.062248,0,214.30897,2320.4028,0.67361142,0.21916134,0,7.9968673,37.811951,677.39633,21.640696,738.10003,23.92382,206.38494,15.427728,217.1318,16.329965,953.69069,15.236969,1074.8121,16.764654
260,2.7e-05,37.628094,25254.813,1292.8705,33235.141,1686.3953,13.060032,0,219.06281,2318.7898,0.68094983,0.21921097,0,7.9873935,37.823385,686.95287,21.868561,738.10003,23.92382,207.92179,15.523973,217.1318,16.329965,944.07413,15.168944,1074.8121,16.764654
261,2.7e-05,37.588946,25232.742,1293.6497,33246.08,1687.0027,13.01932,0,211.46809,2313.3209,0.67877463,0.21923045,0,7.9655228,37.832494,683.95906,21.818662,738.10003,23.92382,207.34041,15.484265,217.1318,16.329965,952.17456,15.158302,1074.8121,16.764654
262,2.7e-05,37.498107,25170.734,1289.9815,33223.946,1685.049,13.067965,0,215.8526,2321.0494,0.68011092,0.21897668,0,7.9662262,37.786174,685.48293,21.892041,738.10003,23.92382,207.02928,15.499287,217.1318,16.329965,951.12545,15.204054,1074.8121,16.764654
263,2.7e-05,37.425428,25133.22,1289.6978,33262.002,1686.0731,13.047084,0,215.1617,2317.4287,0.67492682,0.2180949,0,7.7431621,37.682633,679.72557,21.633846,738.10003,23.92382,207.73299,15.491253,217.1318,16.329965,943.35253,15.225694,1074.8121,16.764654
264,2.7e-05,37.559664,25309.028,1293.7455,33269.498,1688.347,13.056474,0,216.64072,2318.7594,0.67773797,0.21924559,0,7.9474629,37.839845,682.45069,21.715507,738.10003,23.92382,207.69622,15.498629,217.1318,16.329965,953.10347,15.117475,1074.8121,16.764654
265,2.7e-05,37.727486,25379.456,1303.4346,33267.07,1687.0071,13.071283,0,219.60741,2320.6969,0.67757186,0.2185315,0,7.8585065,37.732654,682.44819,21.785074,738.10003,23.92382,207.25319,15.486588,217.1318,16.329965,941.88746,15.262816,1074.8121,16.764654
266,2.7e-05,37.641203,25328.717,1293.1412,33383.4,1694.3434,13.050206,0,211.82169,2318.8465,0.67736821,0.21970175,0,8.0654733,37.892743,682.81667,21.754192,738.10003,23.92382,206.621,15.466767,217.1318,16.329965,957.83039,15.229836,1074.8121,16.764654
267,2.7e-05,37.513418,25226.329,1293.9853,33266.835,1685.5234,13.007434,0,209.93648,2311.5497,0.67978885,0.21976785,0,8.0661064,37.9046,684.69491,21.799673,738.10003,23.92382,207.74687,15.517802,217.1318,16.329965,958.53665,15.216739,1074.8121,16.764654
268,2.7e-05,37.472338,25129.46,1293.5998,33389.713,1691.6953,13.050293,0,214.03624,2318.2987,0.67709398,0.218116,0,7.7443818,37.686158,685.03463,21.746959,738.10003,23.92382,207.27785,15.474751,217.1318,16.329965,949.0733,15.318025,1074.8121,16.764654
269,2.7e-05,37.380845,25039.116,1289.58,33292.161,1689.3243,13.022956,0,212.04442,2313.8353,0.67942816,0.21927741,0,7.9519508,37.844488,687.62772,21.803663,738.10003,23.92382,207.87054,15.491328,217.1318,16.329965,951.41264,15.208208,1074.8121,16.764654
270,2.7e-05,37.546496,25187.724,1288.6705,33274.34,1688.1602,13.074848,0,217.80259,2321.8045,0.67844391,0.21909333,0,7.9448883,37.812816,684.13855,21.759164,738.10003,23.92382,207.75106,15.511117,217.1318,16.329965,950.11839,15.273821,1074.8121,16.764654
271,2.7e-05,37.679052,25228.547,1299.7783,33419.097,1696.5079,13.115958,0,224.22113,2327.6453,0.67751394,0.21777947,0,7.6810185,37.641099,683.26674,21.705375,738.10003,23.92382,208.7493,15.575338,217.1318,16.329965,949.32954,15.370364,1074.8121,16.764654
272,2.7e-05,37.738618,25348.378,1296.167,33293.051,1689.8289,13.099308,0,223.76725,2324.7334,0.68025308,0.21816482,0,7.753232,37.692783,686.80286,21.93364,738.10003,23.92382,209.81342,15.663172,217.1318,16.329965,968.40923,15.212779,1074.8121,16.764654
273,2.7e-05,37.830629,25410.398,1307.1026,33347.66,1691.1447,13.113322,0,223.5175,2327.345,0.67411878,0.21813764,0,7.7838539,37.680044,679.49009,21.652519,738.10003,23.92382,206.04019,15.427151,217.1318,16.329965,941.07981,15.264237,1074.8121,16.764654
274,2.7e-05,37.392681,25030.942,1285.3462,33199.969,1686.7443,13.041477,0,212.30879,2317.1353,0.68824345,0.219555,0,8.0188199,37.877937,697.64261,22.113271,738.10003,23.92382,209.66973,15.640336,217.1318,16.329965,961.13739,15.338959,1074.8121,16.764654
275,2.7e-05,37.541844,25199.654,1296.7239,33336.55,1692.4613,13.074344,0,217.2396,2321.8561,0.67887889,0.21831476,0,7.7537385,37.719914,687.43896,21.801508,738.10003,23.92382,209.82206,15.626478,217.1318,16.329965,961.73663,15.347123,1074.8121,16.764654
276,2.7e-05,37.692456,25328.728,1299.5838,33336.292,1692.0042,13.083862,0,221.79077,2322.4281,0.68835554,0.21934627,0,7.9527047,37.856816,698.08439,22.178424,738.10003,23.92382,210.10826,15.66553,217.1318,16.329965,960.51818,15.40719,1074.8121,16.764654
277,2.7e-05,37.852503,25530.681,1312.8885,33240.014,1684.7168,13.052104,0,216.45023,2318.0135,0.67830548,0.21923428,0,7.9935393,37.82606,684.58484,21.803771,738.10003,23.92382,207.60121,15.524817,217.1318,16.329965,946.19669,15.27529,1074.8121,16.764654
278,2.7e-05,37.408431,25093.149,1283.8951,33263.598,1688.2976,13.032911,0,212.37266,2315.5618,0.67803822,0.21905546,0,7.9025179,37.816715,685.24448,21.762454,738.10003,23.92382,206.91253,15.462004,217.1318,16.329965,942.28063,15.235919,1074.8121,16.764654
279,2.7e-05,37.784736,25372.43,1303.3119,33371.012,1691.7617,13.077552,0,220.68787,2321.5617,0.67809184,0.21836211,0,7.8270944,37.70985,685.00495,21.831209,738.10003,23.92382,208.13889,15.549932,217.1318,16.329965,948.40676,15.353481,1074.8121,16.764654
280,2.7e-05,37.622769,25295.363,1298.6662,33249.484,1686.0427,13.043474,0,216.80385,2316.3544,0.68493052,0.21790623,0,7.6665411,37.667832,694.84027,21.948924,738.10003,23.92382,209.19119,15.621821,217.1318,16.329965,949.58028,15.451105,1074.8121,16.764654
281,2.7e-05,37.540533,25155.956,1287.7124,33302.955,1689.1152,13.087702,0,220.11115,2323.5538,0.68126513,0.2196749,0,8.0390349,37.894592,690.44724,21.885602,738.10003,23.92382,207.9676,15.533793,217.1318,16.329965,952.60946,15.215264,1074.8121,16.764654
282,2.7e-05,37.680954,25313.668,1294.6054,33364.688,1691.6674,13.097778,0,222.10533,2324.8783,0.68272696,0.21846758,0,7.7940119,37.737448,690.46032,21.870802,738.10003,23.92382,209.95268,15.638857,217.1318,16.329965,952.4139,15.350191,1074.8121,16.764654
283,2.7e-05,37.756164,25409.897,1298.6572,33293.954,1691.2216,13.055249,0,217.14474,2318.4085,0.67855647,0.21917247,0,7.9768538,37.819068,685.28646,21.832902,738.10003,23.92382,206.92856,15.486219,217.1318,16.329965,954.57824,15.203497,1074.8121,16.764654
284,2.7e-05,37.804939,25445.064,1300.4713,33266.003,1686.4676,13.087684,0,220.92849,2323.3425,0.67908616,0.21927254,0,7.9744299,37.837879,684.23431,21.859591,738.10003,23.92382,208.17947,15.555075,217.1318,16.329965,954.15673,15.238909,1074.8121,16.764654
285,2.7e-05,37.598141,25191.594,1289.7951,33342.353,1690.4152,13.084555,0,217.94533,2323.5331,0.67848303,0.2189702,0,7.8916229,37.803986,684.86533,21.820287,738.10003,23.92382,208.73259,15.567559,217.1318,16.329965,963.13652,15.158405,1074.8121,16.764654
286,2.7e-05,37.586276,25205.992,1291.5205,33146.403,1683.7354,13.028536,0,212.27748,2314.7904,0.68648407,0.21633564,0,7.4221952,37.444467,692.9352,21.988638,738.10003,23.92382,209.8458,15.671438,217.1318,16.329965,940.20748,15.59929,1074.8121,16.764654
287,2.7e-05,37.646166,25288.276,1292.4653,33343.616,1692.1089,13.095038,0,220.51384,2324.7853,0.68016979,0.21963136,0,8.0484821,37.884271,688.25874,21.831063,738.10003,23.92382,207.51265,15.496786,217.1318,16.329965,956.76123,15.256915,1074.8121,16.764654
288,2.7e-05,37.615087,25237.666,1299.5655,33405.942,1695.1345,13.039327,0,216.235,2315.745,0.67273671,0.21950632,0,8.0588511,37.858895,674.6387,21.650201,738.10003,23.92382,205.25656,15.396767,217.1318,16.329965,951.0417,15.279053,1074.8121,16.764654
289,2.7e-05,37.406663,25094.071,1286.4695,33271.589,1687.8363,13.060086,0,216.02474,2319.5729,0.68662698,0.2192117,0,7.8742456,37.852319,697.49466,21.941622,738.10003,23.92382,210.7559,15.640179,217.1318,16.329965,963.64917,15.368474,1074.8121,16.764654
290,2.7e-05,37.657961,25248.12,1291.285,33351.931,1690.3579,13.068058,0,216.53528,2320.8925,0.67823883,0.21864507,0,7.8460842,37.756464,684.15817,21.756669,738.10003,23.92382,207.95254,15.524416,217.1318,16.329965,950.5518,15.185948,1074.8121,16.764654
291,2.7e-05,37.718331,25292.094,1296.6405,33335.564,1691.8538,13.078111,0,221.50309,2321.4557,0.67650235,0.21865223,0,7.8249277,37.763151,682.83588,21.655222,738.10003,23.92382,208.01432,15.49742,217.1318,16.329965,948.10864,15.236744,1074.8121,16.764654
292,2.7e-05,37.611486,25196.522,1296.1732,33295.662,1687.3588,13.087431,0,218.27074,2323.9731,0.67732078,0.21854363,0,7.8564685,37.735377,683.78715,21.677986,738.10003,23.92382,207.48456,15.490169,217.1318,16.329965,943.7272,15.351773,1074.8121,16.764654
293,2.7e-05,37.541841,25195.305,1295.5725,33405.723,1694.7462,13.07982,0,219.07044,2322.3857,0.67948703,0.21845809,0,7.8092333,37.731849,688.00994,21.770123,738.10003,23.92382,208.94404,15.563802,217.1318,16.329965,952.27768,15.312325,1074.8121,16.764654
294,2.7e-05,37.551432,25158.71,1292.1351,33225.601,1685.325,13.073713,0,218.03208,2321.5397,0.67666625,0.21847867,0,7.8304351,37.730194,681.45832,21.71397,738.10003,23.92382,207.53877,15.481673,217.1318,16.329965,936.80186,15.141336,1074.8121,16.764654
295,2.7e-05,37.652084,25258.904,1295.7814,33306.067,1689.3518,13.108372,0,221.48468,2326.9625,0.67998393,0.21976149,0,8.0742554,37.90137,687.67174,21.837351,738.10003,23.92382,206.75998,15.465094,217.1318,16.329965,953.77814,15.225063,1074.8121,16.764654
296,2.7e-05,37.340382,25038.79,1287.1602,33270.532,1689.0091,13.012807,0,209.97894,2312.5158,0.68070227,0.21958049,0,8.0430236,37.876409,687.51112,21.836637,738.10003,23.92382,207.60577,15.509827,217.1318,16.329965,951.2847,15.168335,1074.8121,16.764654
297,2.7e-05,37.583995,25162.557,1286.3462,33334.973,1689.9674,13.081884,0,215.4869,2323.6731,0.67638909,0.21951637,0,8.0162515,37.871566,680.66673,21.636799,738.10003,23.92382,206.89586,15.443085,217.1318,16.329965,942.90147,15.225117,1074.8121,16.764654
298,2.7e-05,37.379917,25059.293,1288.3691,33321.543,1690.1956,13.035875,0,211.56747,2316.3056,0.68025286,0.21890256,0,7.8774263,37.795301,686.2145,21.84492,738.10003,23.92382,208.95028,15.580029,217.1318,16.329965,957.38027,15.207755,1074.8121,16.764654
299,2.7e-05,37.552525,25183.606,1291.0871,33349.299,1690.4164,13.074465,0,216.9819,2321.9437,0.68176036,0.22005313,0,8.1150076,37.944022,691.04242,21.936003,738.10003,23.92382,207.82928,15.522802,217.1318,16.329965,960.16604,15.091512,1074.8121,16.764654
300,2.7e-05,37.59255,25159.868,1289.4442,33320.883,1689.5437,13.093163,0,219.85823,2324.6111,0.67911765,0.21848237,0,7.7910774,37.740885,686.85629,21.767187,738.10003,23.92382,208.87339,15.553052,217.1318,16.329965,958.20003,15.184391,1074.8121,16.764654
301,2.7e-05,37.699932,25271.608,1294.4817,33272.036,1687.6753,13.093391,0,217.98484,2325.1295,0.67182311,0.21768579,0,7.7038641,37.618251,676.07047,21.624052,738.10003,23.92382,206.69435,15.441809,217.1318,16.329965,936.24422,15.13183,1074.8121,16.764654
302,2.7e-05,37.462748,25055.414,1287.8395,33242.801,1688.0972,13.071119,0,221.23258,2320.2534,0.68115017,0.21925784,0,7.9139033,37.850614,688.36526,21.833699,738.10003,23.92382,208.96982,15.552893,217.1318,16.329965,954.82365,15.13797,1074.8121,16.764654
303,2.7e-05,37.736902,25297.718,1298.1471,33348.601,1690.9931,13.084924,0,218.46524,2323.4678,0.67779932,0.21819438,0,7.7601335,37.696399,683.78336,21.720281,738.10003,23.92382,208.36435,15.524956,217.1318,16.329965,942.37198,15.184536,1074.8121,16.764654
304,2.7e-05,37.49159,25180.573,1290.7068,33272.209,1691.0719,13.01321,0,211.64607,2312.1647,0.68155694,0.21907775,0,7.9116341,37.818447,689.74145,21.857612,738.10003,23.92382,208.97508,15.564968,217.1318,16.329965,944.9762,15.131829,1074.8121,16.764654
305,2.7e-05,37.359833,25004.102,1285.2491,33321.8,1690.2973,13.001337,0,207.79815,2310.9854,0.68022906,0.21851622,0,7.7750872,37.751109,688.0081,21.781832,738.10003,23.92382,210.29713,15.636856,217.1318,16.329965,955.87979,15.194902,1074.8121,16.764654
306,2.7e-05,37.704403,25265.7,1294.8645,33223.201,1686.5259,13.117292,0,225.81651,2327.4816,0.67632751,0.21817414,0,7.7577138,37.693335,682.11985,21.751578,738.10003,23.92382,208.17285,15.539493,217.1318,16.329965,953.54974,15.103669,1074.8121,16.764654
307,2.7e-05,37.327692,24928.158,1282.3123,33302.964,1690.9351,13.03535,0,212.28409,2316.0278,0.68188372,0.21954535,0,8.0420369,37.870272,688.95255,22.009832,738.10003,23.92382,208.20411,15.556403,217.1318,16.329965,950.75606,15.077145,1074.8121,16.764654
308,2.7e-05,37.466273,25094.463,1291.917,33240.008,1686.0708,13.026423,0,210.55374,2314.8451,0.67175692,0.21805011,0,7.7297329,37.677906,677.18087,21.546446,738.10003,23.92382,206.96579,15.451377,217.1318,16.329965,948.56682,15.189459,1074.8121,16.764654
309,1e-05,37.641885,25244.813,1300.9037,33257.397,1686.8038,13.077495,0,218.06105,2322.2199,0.67737546,0.21794884,0,7.6833468,37.671301,683.98037,21.702689,738.10003,23.92382,209.06298,15.562611,217.1318,16.329965,943.01912,15.325658,1074.8121,16.764654
310,1e-05,37.687772,25265.513,1296.9913,33392.985,1692.7117,13.131352,0,224.05815,2330.4856,0.6785574,0.21941543,0,7.9836314,37.861518,686.32593,21.746187,738.10003,23.92382,207.67217,15.489257,217.1318,16.329965,945.60182,15.173526,1074.8121,16.764654
311,1e-05,37.441939,25104.847,1293.4412,33222.017,1687.9142,13.018776,0,213.11428,2312.803,0.67492283,0.21892731,0,7.9408087,37.783669,679.39455,21.666658,738.10003,23.92382,206.32184,15.430308,217.1318,16.329965,941.72649,15.121692,1074.8121,16.764654
312,1e-05,37.435099,25085.94,1286.8627,33334.851,1689.0631,13.066185,0,218.52604,2320.0452,0.67916555,0.21886765,0,7.9142082,37.779593,685.7149,21.864135,738.10003,23.92382,208.6978,15.564524,217.1318,16.329965,955.95319,15.246886,1074.8121,16.764654
313,1e-05,37.571298,25245.577,1296.8286,33272.416,1686.4245,13.051713,0,215.92969,2318.0748,0.67814042,0.21918698,0,7.9815319,37.820516,683.05455,21.87009,738.10003,23.92382,208.0752,15.546703,217.1318,16.329965,951.6189,15.217075,1074.8121,16.764654
314,1e-05,37.309267,24954.518,1279.2529,33212.671,1686.8683,13.038732,0,211.23659,2316.9092,0.67271806,0.21795427,0,7.7339545,37.659407,676.82889,21.618166,738.10003,23.92382,207.68139,15.494086,217.1318,16.329965,952.53454,15.162885,1074.8121,16.764654
315,1e-05,37.639608,25271.259,1299.3026,33338.233,1690.3542,13.059399,0,217.05771,2319.1851,0.67580007,0.21830817,0,7.7838468,37.711053,681.83076,21.678338,738.10003,23.92382,207.48957,15.481965,217.1318,16.329965,949.78045,15.211923,1074.8121,16.764654
316,1e-05,37.538687,25179.617,1289.6144,33324.345,1688.8195,13.071182,0,218.35571,2320.9972,0.67493281,0.21822256,0,7.7669489,37.699789,681.15404,21.656423,738.10003,23.92382,207.30862,15.466581,217.1318,16.329965,946.85689,15.1532,1074.8121,16.764654
317,1e-05,37.570977,25215.504,1290.6982,33417.944,1693.8467,13.084727,0,221.80332,2322.5822,0.68204905,0.21833316,0,7.7812789,37.71625,691.30441,21.935307,738.10003,23.92382,209.46684,15.63751,217.1318,16.329965,961.72283,15.536872,1074.8121,16.764654
318,1e-05,37.440344,24960.577,1284.3014,33393.19,1693.2691,13.100357,0,222.01279,2325.3708,0.67963629,0.21903337,0,7.9160658,37.809251,687.49075,21.859666,738.10003,23.92382,207.58949,15.497194,217.1318,16.329965,949.9637,15.144359,1074.8121,16.764654
319,1e-05,37.489281,25178.416,1294.0489,33248.864,1687.3849,13.012624,0,211.1688,2312.1795,0.67759476,0.21836023,0,7.7655641,37.725172,684.90241,21.702055,738.10003,23.92382,208.79621,15.540797,217.1318,16.329965,950.08683,15.250064,1074.8121,16.764654
320,1e-05,37.084766,24819.287,1275.3168,33241.679,1688.3327,12.984189,0,203.65606,2308.9219,0.67359178,0.2180997,0,7.7944597,37.670447,679.53161,21.657232,738.10003,23.92382,206.58904,15.441303,217.1318,16.329965,939.79259,15.166144,1074.8121,16.764654
321,1e-05,37.485664,25044.761,1289.9109,33339.314,1692.5578,13.065467,0,214.61891,2320.9093,0.67658303,0.21848816,0,7.8010546,37.739396,682.63832,21.684768,738.10003,23.92382,207.83147,15.508549,217.1318,16.329965,946.77719,15.244031,1074.8121,16.764654
322,1e-05,37.430062,25066.465,1285.7814,33273.619,1688.1463,13.056485,0,211.74364,2320.0079,0.67462866,0.21814019,0,7.7711058,37.683754,680.11882,21.652876,738.10003,23.92382,207.27036,15.477396,217.1318,16.329965,942.11701,15.172705,1074.8121,16.764654
323,1e-05,37.460948,25125.166,1286.0391,33307.296,1689.853,13.055075,0,215.47065,2318.8029,0.68007906,0.21862837,0,7.8544339,37.751302,687.28257,21.896785,738.10003,23.92382,208.53301,15.561005,217.1318,16.329965,955.17457,15.192118,1074.8121,16.764654
324,1e-05,37.519729,25221.581,1291.6441,33397.031,1694.2297,13.041743,0,213.25952,2316.9419,0.68357832,0.21707307,0,7.5392012,37.548762,691.20324,21.900358,738.10003,23.92382,209.1548,15.631483,217.1318,16.329965,954.51092,15.52086,1074.8121,16.764654
325,1e-05,37.488277,25211.951,1290.6591,33293.385,1687.3438,13.013679,0,209.94289,2312.6834,0.68069937,0.21916011,0,7.9488486,37.82395,687.06623,21.927156,738.10003,23.92382,208.1494,15.522876,217.1318,16.329965,948.49341,15.08497,1074.8121,16.764654
326,1e-05,37.573582,25214.609,1293.7064,33272.15,1686.9461,13.043846,0,215.64061,2316.7179,0.68051283,0.2179403,0,7.6988169,37.665811,688.227,21.813087,738.10003,23.92382,208.29271,15.527676,217.1318,16.329965,940.9109,15.322564,1074.8121,16.764654
327,1e-05,37.483271,25158.834,1287.8261,33295.037,1690.2463,13.036901,0,213.85066,2315.911,0.68004516,0.21849686,0,7.7814105,37.745979,687.72745,21.821697,738.10003,23.92382,209.94192,15.622993,217.1318,16.329965,966.63469,15.319811,1074.8121,16.764654
328,1e-05,37.671443,25262.34,1294.6744,33323.107,1687.435,13.083353,0,221.69992,2322.3587,0.67927831,0.21876517,0,7.8670349,37.772967,687.83775,21.769795,738.10003,23.92382,208.61636,15.55018,217.1318,16.329965,952.98679,15.301809,1074.8121,16.764654
329,1e-05,37.643936,25220.649,1298.7626,33310.495,1690.9303,13.048633,0,218.43517,2316.8771,0.68439542,0.21937647,0,7.940909,37.865308,691.36371,21.956391,738.10003,23.92382,209.77513,15.613105,217.1318,16.329965,952.15103,15.212339,1074.8121,16.764654
330,1e-05,37.318334,24944.846,1280.4656,33257.677,1685.4382,13.034907,0,211.38931,2316.175,0.67825661,0.21945226,0,8.0605178,37.848643,683.38897,21.76664,738.10003,23.92382,206.98191,15.486487,217.1318,16.329965,953.1453,15.27553,1074.8121,16.764654
331,1e-05,37.579952,25228.067,1294.5927,33293.272,1689.6428,13.017867,0,208.70031,2313.7612,0.67883464,0.21846619,0,7.80708,37.733869,686.07952,21.77422,738.10003,23.92382,208.35596,15.53098,217.1318,16.329965,954.13406,15.223239,1074.8121,16.764654
332,1e-05,37.731928,25345.697,1306.9644,33411.559,1695.1241,13.097604,0,221.81435,2324.9208,0.68208824,0.21980535,0,8.066282,37.911375,686.58393,21.945977,738.10003,23.92382,208.92774,15.581195,217.1318,16.329965,952.51119,15.186353,1074.8121,16.764654
333,1e-05,37.461848,25104.364,1289.9682,33266.331,1687.8683,13.044278,0,214.19178,2317.1653,0.67674044,0.21880827,0,7.8543488,37.784032,682.21791,21.695186,738.10003,23.92382,207.95029,15.49394,217.1318,16.329965,952.42209,15.138329,1074.8121,16.764654
334,1e-05,37.937759,25538.275,1304.5625,33331.643,1690.306,13.142107,0,227.06705,2331.6752,0.68123,0.21874632,0,7.8792461,37.76643,687.8813,21.931875,738.10003,23.92382,208.98803,15.581731,217.1318,16.329965,957.5534,15.181992,1074.8121,16.764654
335,1e-05,37.595013,25158.406,1292.5564,33244.475,1686.0454,13.077441,0,217.5625,2322.337,0.67786364,0.21869992,0,7.8552106,37.764114,684.47322,21.756586,738.10003,23.92382,208.45664,15.535394,217.1318,16.329965,954.46675,15.210285,1074.8121,16.764654
336,1e-05,37.613754,25200.307,1293.9824,33343.871,1691.1507,13.113584,0,222.91046,2327.5472,0.67826887,0.21807772,0,7.7257026,37.683952,683.86761,21.73205,738.10003,23.92382,209.2934,15.584294,217.1318,16.329965,953.26955,15.202509,1074.8121,16.764654
337,1e-05,37.490715,25120.293,1290.5222,33309.093,1689.0206,13.054578,0,214.48097,2318.9645,0.67736294,0.21836738,0,7.8471082,37.705716,682.55971,21.784081,738.10003,23.92382,207.13431,15.503897,217.1318,16.329965,955.7962,15.29706,1074.8121,16.764654
338,1e-05,37.415472,24988,1287.2232,33319.177,1688.7565,13.039789,0,212.58606,2316.7579,0.67809511,0.21874703,0,7.8756422,37.767478,684.70218,21.768816,738.10003,23.92382,207.89469,15.50837,217.1318,16.329965,947.42596,15.109203,1074.8121,16.764654
339,1e-05,37.49182,25114.664,1287.1278,33351.389,1688.5438,13.062376,0,215.52164,2320.1175,0.68097173,0.2164885,0,7.444092,37.466687,687.24237,21.834512,738.10003,23.92382,210.14308,15.665592,217.1318,16.329965,943.0935,15.447356,1074.8121,16.764654
340,1e-05,37.515236,25110.022,1288.2949,33304.918,1689.0896,13.053927,0,214.75567,2318.7762,0.67777277,0.21884673,0,7.8893113,37.782126,685.56034,21.728505,738.10003,23.92382,208.00856,15.505064,217.1318,16.329965,951.51672,15.187247,1074.8121,16.764654
341,1e-05,37.429999,25073.659,1287.6184,33296.92,1688.8492,13.050854,0,217.16209,2317.6049,0.67897019,0.21870168,0,7.8485562,37.766128,686.00974,21.760848,738.10003,23.92382,208.8482,15.561445,217.1318,16.329965,947.80363,15.178946,1074.8121,16.764654
342,1e-05,37.444948,25092.123,1291.4809,33307.858,1689.2334,13.041486,0,214.34975,2316.6175,0.67698162,0.21847454,0,7.8458028,37.725531,681.55874,21.764634,738.10003,23.92382,207.8355,15.534464,217.1318,16.329965,946.57704,15.247895,1074.8121,16.764654
343,1e-05,37.343678,25012.06,1286.15,33199.417,1684.9854,13.02872,0,211.32136,2315.0674,0.68116456,0.21919809,0,7.9363227,37.834044,688.46788,21.832295,738.10003,23.92382,208.80104,15.567555,217.1318,16.329965,952.33871,15.237275,1074.8121,16.764654
344,1e-05,37.496232,24989.977,1286.2695,33279.838,1688.1947,13.097073,0,222.16589,2324.7346,0.67370102,0.21896983,0,7.92869,37.794484,677.65171,21.612436,738.10003,23.92382,206.61504,15.435421,217.1318,16.329965,940.51423,15.240744,1074.8121,16.764654
345,1e-05,37.508957,25250.795,1293.442,33302.135,1688.4486,13.03505,0,212.68702,2315.8706,0.67819957,0.21979854,0,8.0667977,37.910004,684.81913,21.748106,738.10003,23.92382,207.243,15.481671,217.1318,16.329965,956.09692,15.131582,1074.8121,16.764654
346,1e-05,37.41458,25027.922,1286.3864,33349.742,1692.7884,13.038075,0,210.47727,2316.983,0.67916013,0.21657617,0,7.4620523,37.478053,685.82103,21.774125,738.10003,23.92382,208.03672,15.534453,217.1318,16.329965,940.14561,15.508728,1074.8121,16.764654
347,1e-05,37.687873,25327.928,1296.7347,33456.005,1695.8421,13.077451,0,217.15229,2322.4432,0.68346849,0.22012597,0,8.198293,37.936066,690.11098,21.972443,738.10003,23.92382,208.24818,15.556067,217.1318,16.329965,954.78967,15.252412,1074.8121,16.764654
348,1e-05,37.500882,25116.019,1293.1257,33408.346,1693.5945,13.056153,0,217.15546,2318.57,0.67566159,0.2188036,0,7.8867482,37.774936,679.2954,21.735694,738.10003,23.92382,206.64979,15.459528,217.1318,16.329965,948.07833,15.145279,1074.8121,16.764654
349,1e-05,37.427497,25092.85,1285.3319,33300.728,1689.1908,13.030842,0,212.40777,2315.1765,0.67740537,0.21872205,0,7.8951399,37.757974,683.75123,21.761431,738.10003,23.92382,207.14334,15.461637,217.1318,16.329965,943.63463,15.249655,1074.8121,16.764654
350,1e-05,37.433443,25053.671,1285.5523,33293.055,1688.6712,13.027835,0,213.75046,2314.288,0.67891515,0.21852028,0,7.8062456,37.743916,682.73899,21.856487,738.10003,23.92382,209.19699,15.593443,217.1318,16.329965,952.57997,15.252418,1074.8121,16.764654
351,1e-05,37.476715,25150.328,1288.1744,33378.115,1691.5305,13.051925,0,215.4733,2318.2295,0.67790782,0.21811207,0,7.7500013,37.684012,688.66195,21.785531,738.10003,23.92382,207.95843,15.508901,217.1318,16.329965,943.70981,15.304632,1074.8121,16.764654
352,1e-05,37.660852,25264.926,1304.6396,33445.604,1695.7519,13.054424,0,219.25236,2317.7219,0.67920231,0.21909777,0,7.9430975,37.814079,685.78669,21.815186,738.10003,23.92382,208.35433,15.536802,217.1318,16.329965,951.74135,15.17588,1074.8121,16.764654
353,1e-05,37.512332,25114.854,1289.798,33266.215,1688.7748,13.053901,0,214.39097,2318.8642,0.67622702,0.21927674,0,7.9689771,37.840031,681.67147,21.654702,738.10003,23.92382,206.90395,15.440543,217.1318,16.329965,947.00588,15.190233,1074.8121,16.764654
354,1e-05,37.462091,25172.624,1290.6484,33359.748,1694.0093,13.042881,0,214.9369,2316.7217,0.67849564,0.21862028,0,7.808657,37.761484,684.37177,21.732298,738.10003,23.92382,209.04379,15.550707,217.1318,16.329965,949.20315,15.179848,1074.8121,16.764654
355,1e-05,37.6093,25231.146,1293.9149,33306.977,1688.2788,13.052713,0,215.14926,2318.4552,0.67727805,0.21977403,0,8.0703654,37.90464,683.20955,21.691722,738.10003,23.92382,206.47807,15.419518,217.1318,16.329965,947.0587,15.163464,1074.8121,16.764654
356,1e-05,37.256877,24897.086,1281.5805,33259.808,1686.3113,13.043902,0,214.41781,2317.0394,0.67919112,0.21838525,0,7.7650718,37.729845,685.64837,21.742864,738.10003,23.92382,210.26904,15.640753,217.1318,16.329965,952.31161,15.256181,1074.8121,16.764654
357,1e-05,37.485865,25174.221,1295.3737,33291.68,1688.8996,13.041888,0,215.94315,2316.2849,0.67914014,0.21810506,0,7.7092118,37.693121,688.19516,21.743846,738.10003,23.92382,208.89293,15.552708,217.1318,16.329965,951.53912,15.390552,1074.8121,16.764654
358,1e-05,37.428508,25066.769,1284.8453,33366.696,1690.1538,13.034054,0,211.19654,2316.0688,0.67541758,0.21904336,0,7.923218,37.809246,681.37353,21.652176,738.10003,23.92382,206.92676,15.451913,217.1318,16.329965,950.57211,15.093665,1074.8121,16.764654
359,1e-05,37.443378,25121.792,1286.3909,33266.724,1686.3717,13.040765,0,212.44364,2316.9717,0.6771964,0.21884661,0,7.8749311,37.785765,683.09397,21.717296,738.10003,23.92382,208.18926,15.53072,217.1318,16.329965,953.84165,15.166691,1074.8121,16.764654
360,1e-05,37.455369,25062.757,1291.6548,33276.964,1687.3272,13.062692,0,215.17732,2320.2624,0.67743378,0.21889899,0,7.9178362,37.784368,683.59583,21.70381,738.10003,23.92382,208.15298,15.528144,217.1318,16.329965,950.43832,15.198201,1074.8121,16.764654
361,1e-05,37.544869,25163.346,1295.7955,33369.325,1689.596,13.059052,0,217.85279,2318.9197,0.67538116,0.21920689,0,7.9854133,37.823147,680.44649,21.681554,738.10003,23.92382,206.45468,15.432947,217.1318,16.329965,943.7502,15.062723,1074.8121,16.764654
362,1e-05,37.517656,25145.332,1294.1785,33227.612,1686.544,13.068632,0,219.2407,2320.3082,0.67228331,0.21839569,0,7.8385766,37.713033,677.52138,21.587593,738.10003,23.92382,205.87295,15.388892,217.1318,16.329965,932.35268,15.162889,1074.8121,16.764654
363,1e-05,37.567791,25175.923,1294.6535,33312.981,1688.9838,13.062801,0,214.71234,2320.4008,0.67812262,0.21967728,0,8.057355,37.89036,683.28872,21.717504,738.10003,23.92382,207.47214,15.476326,217.1318,16.329965,942.83219,15.154129,1074.8121,16.764654
364,1e-05,37.316199,24892.807,1282.6023,33217.79,1687.2215,13.03034,0,209.29747,2315.877,0.67785921,0.21890437,0,7.9037731,37.788926,686.09676,21.701491,738.10003,23.92382,207.52764,15.473632,217.1318,16.329965,944.15373,15.240749,1074.8121,16.764654
365,1e-05,37.278623,24910.515,1279.2209,33279.651,1687.8103,13.023293,0,209.6275,2314.5117,0.67713591,0.21954928,0,8.0561121,37.867405,682.83893,21.701078,738.10003,23.92382,206.63285,15.444631,217.1318,16.329965,945.31033,15.16965,1074.8121,16.764654
366,1e-05,37.462242,25075.583,1285.9336,33330.188,1690.9013,13.072464,0,216.90713,2321.5988,0.67558237,0.21859815,0,7.8715891,37.741443,681.76354,21.65824,738.10003,23.92382,207.36564,15.475323,217.1318,16.329965,942.68765,15.213322,1074.8121,16.764654
367,1e-05,37.341651,24979.503,1283.2341,33277.58,1688.4477,12.984161,0,206.45513,2308.2043,0.68087181,0.21974431,0,8.0473015,37.905108,688.74507,21.829537,738.10003,23.92382,207.6924,15.498745,217.1318,16.329965,952.38897,15.249759,1074.8121,16.764654
368,1e-05,37.392527,25026.202,1286.3771,33281.51,1689.0918,13.042242,0,214.29205,2316.7696,0.68479503,0.21939455,0,7.9746215,37.860014,694.33515,21.968533,738.10003,23.92382,208.368,15.550961,217.1318,16.329965,951.78331,15.329871,1074.8121,16.764654
369,1e-05,37.548702,25185.048,1291.8085,33291.131,1690.1067,13.059655,0,217.70245,2319.0675,0.68220326,0.21884121,0,7.8795811,37.783599,689.93942,21.868323,738.10003,23.92382,209.16089,15.569928,217.1318,16.329965,943.46816,15.280403,1074.8121,16.764654
370,1e-05,37.435256,25087.117,1284.2053,33289.455,1687.649,13.060898,0,217.72078,2319.2889,0.67985176,0.21875206,0,7.8464551,37.775822,687.81122,21.766485,738.10003,23.92382,208.57008,15.536585,217.1318,16.329965,941.59418,15.267181,1074.8121,16.764654
371,1e-05,37.581701,25301.352,1292.3342,33333.241,1688.2047,13.044855,0,215.17347,2317.0204,0.67846517,0.21971481,0,8.0499256,37.899076,685.70421,21.73526,738.10003,23.92382,206.82801,15.433913,217.1318,16.329965,941.37731,15.134694,1074.8121,16.764654
372,1e-05,37.661562,25273.017,1303.4464,33291.678,1690.5048,13.083726,0,220.50686,2322.7303,0.67386447,0.218435,0,7.8629641,37.713973,678.63232,21.6532,738.10003,23.92382,206.77007,15.449613,217.1318,16.329965,944.54098,15.16128,1074.8121,16.764654
373,1e-05,37.544303,25143.839,1294.7768,33326.234,1692.3583,13.081356,0,220.48958,2322.3038,0.6796672,0.21940918,0,7.9739593,37.862844,687.10791,21.791403,738.10003,23.92382,208.26907,15.518019,217.1318,16.329965,954.63709,15.092429,1074.8121,16.764654
374,1e-05,37.237819,24908.374,1280.4663,33253.888,1685.9862,13.04329,0,211.37778,2317.7019,0.67798061,0.21894665,0,7.9121791,37.794472,683.77406,21.745507,738.10003,23.92382,208.09519,15.506867,217.1318,16.329965,948.02382,15.247725,1074.8121,16.764654
375,1e-05,37.545474,25101.207,1291.8295,33300.091,1690.6925,13.070397,0,218.08555,2320.9232,0.67990239,0.21907483,0,7.9391371,37.810916,686.15505,21.862518,738.10003,23.92382,207.89631,15.50606,217.1318,16.329965,951.93206,15.096788,1074.8121,16.764654
376,1e-05,37.655011,25219.867,1293.7452,33291.575,1690.2904,13.087086,0,218.6466,2323.8148,0.67728104,0.21896439,0,7.9254967,37.794308,684.04893,21.74132,738.10003,23.92382,206.76073,15.441945,217.1318,16.329965,941.48222,15.139491,1074.8121,16.764654
377,1e-05,37.686179,25324.84,1296.8211,33371.314,1691.5034,13.077171,0,219.5601,2321.7794,0.67648306,0.21849569,0,7.792808,37.742865,683.44596,21.68355,738.10003,23.92382,207.94809,15.489819,217.1318,16.329965,944.34299,15.162907,1074.8121,16.764654
378,1e-05,37.485915,25101.856,1286.4065,33218.129,1685.0268,13.116346,0,225.52851,2327.383,0.67713736,0.21862226,0,7.8526373,37.75065,684.23997,21.742576,738.10003,23.92382,206.818,15.439902,217.1318,16.329965,942.0721,15.231498,1074.8121,16.764654
379,1e-05,37.655394,25314.486,1292.5755,33279.374,1687.5938,13.084144,0,219.37414,2323.0947,0.6767463,0.21789449,0,7.6953527,37.658364,683.51627,21.678929,738.10003,23.92382,208.91685,15.54082,217.1318,16.329965,947.65475,15.219598,1074.8121,16.764654
380,1e-05,37.544558,25108.593,1289.18,33283.454,1688.9178,13.056052,0,214.56107,2319.2121,0.68079963,0.21933942,0,7.9970759,37.844275,689.71278,21.851605,738.10003,23.92382,207.85022,15.491116,217.1318,16.329965,951.88292,15.228686,1074.8121,16.764654
381,1e-05,37.489741,25115.871,1286.8029,33200.404,1680.4416,13.063033,0,216.07405,2320.0963,0.67816651,0.21864754,0,7.8644503,37.752238,686.0995,21.782744,738.10003,23.92382,207.67535,15.504316,217.1318,16.329965,952.33379,15.346026,1074.8121,16.764654
382,1e-05,37.703488,25294.422,1293.8196,33283.43,1687.1631,13.136552,0,224.25387,2331.3812,0.67656469,0.21938931,0,8.0126729,37.849376,682.73284,21.683409,738.10003,23.92382,206.55579,15.422771,217.1318,16.329965,945.05095,15.129798,1074.8121,16.764654
383,1e-05,37.536813,25209.431,1294.4575,33301.369,1689.0716,13.081548,0,217.88361,2323.0019,0.67873221,0.21927648,0,7.986586,37.835503,687.24437,21.778558,738.10003,23.92382,207.41828,15.458845,217.1318,16.329965,944.73954,15.132235,1074.8121,16.764654
384,1e-05,37.505714,25091.078,1294.1494,33395.126,1693.7415,13.036878,0,213.06139,2316.1076,0.6777625,0.21840861,0,7.8014707,37.724827,683.03131,21.764978,738.10003,23.92382,208.17463,15.503755,217.1318,16.329965,942.30707,15.198783,1074.8121,16.764654
385,1e-05,37.431954,25116.908,1289.0873,33296.8,1688.8179,13.018826,0,209.70857,2313.679,0.67655351,0.2180579,0,7.7240379,37.680772,683.86289,21.668459,738.10003,23.92382,208.56954,15.526738,217.1318,16.329965,944.71923,15.226355,1074.8121,16.764654
386,1e-05,37.71578,25342.439,1306.0997,33417.962,1696.3036,13.076944,0,218.54097,2321.9976,0.68243761,0.21925062,0,7.9585208,37.837945,690.12323,21.92823,738.10003,23.92382,208.24872,15.52808,217.1318,16.329965,947.82478,15.180517,1074.8121,16.764654
387,1e-05,37.435435,25170.749,1294.2132,33260.002,1687.0039,13.014797,0,211.45465,2312.502,0.68148422,0.21926186,0,7.9858645,37.833026,691.06905,21.950202,738.10003,23.92382,208.47489,15.540089,217.1318,16.329965,957.21091,15.152817,1074.8121,16.764654
388,1e-05,37.214822,24893.69,1277.0552,33175.765,1680.5139,13.004003,0,208.44874,2311.3045,0.67511181,0.21839358,0,7.7931806,37.724206,681.92987,21.679847,738.10003,23.92382,207.95781,15.511426,217.1318,16.329965,950.96123,15.259163,1074.8121,16.764654
389,1e-05,37.382579,25062.945,1288.7078,33356.647,1691.0724,13.031692,0,214.10989,2314.8979,0.67538567,0.2188696,0,7.8878444,37.786659,680.53145,21.637623,738.10003,23.92382,207.60244,15.479249,217.1318,16.329965,937.64168,15.161821,1074.8121,16.764654
390,1e-05,37.512071,25181.63,1294.13,33269.943,1690.1771,13.045426,0,213.95433,2317.4345,0.67666422,0.21798466,0,7.715062,37.669742,684.12812,21.696394,738.10003,23.92382,208.30659,15.526378,217.1318,16.329965,942.39159,15.24898,1074.8121,16.764654
391,1e-05,37.241099,24967.202,1282.0217,33376.195,1691.6431,12.991331,0,207.1192,2309.3389,0.67716281,0.21897109,0,7.8947237,37.80336,682.18529,21.739583,738.10003,23.92382,207.7168,15.515415,217.1318,16.329965,946.87001,15.157107,1074.8121,16.764654
392,1e-05,37.319957,24916.379,1281.1633,33265.917,1687.0819,13.004589,0,208.20141,2311.474,0.68031624,0.21940272,0,7.9782094,37.860587,687.67364,21.824693,738.10003,23.92382,208.2883,15.52463,217.1318,16.329965,943.08052,15.164679,1074.8121,16.764654
393,1e-05,37.578652,25170.536,1294.8401,33318.848,1692.7427,13.080241,0,218.21549,2322.68,0.67455935,0.21827245,0,7.7983722,37.70086,679.34483,21.668273,738.10003,23.92382,207.79219,15.521059,217.1318,16.329965,943.14768,15.219897,1074.8121,16.764654
394,1e-05,37.478132,25074.351,1287.2316,33244.307,1686.11,13.086672,0,219.56105,2323.5067,0.67446256,0.21800552,0,7.7165426,37.673157,680.03291,21.66048,738.10003,23.92382,206.58679,15.433641,217.1318,16.329965,940.79074,15.182833,1074.8121,16.764654
395,1e-05,37.614571,25299.701,1290.0721,33271.51,1688.3482,13.088576,0,217.34297,2324.4174,0.67726075,0.21834658,0,7.7469551,37.727426,683.50492,21.670314,738.10003,23.92382,208.95959,15.551676,217.1318,16.329965,947.83085,15.257349,1074.8121,16.764654
396,1e-05,37.524031,25156.882,1291.1698,33327.306,1690.014,13.033332,0,212.09595,2315.7087,0.67466943,0.21869917,0,7.9035109,37.751683,679.22432,21.661613,738.10003,23.92382,206.46063,15.437774,217.1318,16.329965,939.39292,15.148609,1074.8121,16.764654
397,1e-05,37.736932,25311.116,1298.6592,33434.494,1692.3388,13.106098,0,222.05017,2326.4051,0.68237892,0.21868883,0,7.8290437,37.768758,692.29748,21.815629,738.10003,23.92382,209.58982,15.603445,217.1318,16.329965,951.876,15.453991,1074.8121,16.764654
398,1e-05,37.346498,24979.348,1283.2647,33347.392,1690.3595,13.01579,0,210.14442,2313.016,0.67602129,0.21864818,0,7.873983,37.749928,681.12219,21.687583,738.10003,23.92382,206.96696,15.46579,217.1318,16.329965,945.47047,15.214267,1074.8121,16.764654
399,1e-05,37.49409,25145.684,1289.3064,33338.217,1689.7049,13.027284,0,210.41564,2315.0367,0.67956842,0.21876756,0,7.8634133,37.774323,685.38243,21.798185,738.10003,23.92382,207.89008,15.529699,217.1318,16.329965,951.67128,15.20137,1074.8121,16.764654
400,1e-05,37.399028,25099.106,1289.4067,33346.523,1690.4714,13.031506,0,210.86901,2315.6889,0.67888502,0.21883745,0,7.853413,37.789578,686.34434,21.754656,738.10003,23.92382,208.84513,15.564415,217.1318,16.329965,955.46888,15.205558,1074.8121,16.764654
401,1e-05,37.376188,25045.412,1282.8192,33268.828,1688.4426,13.007876,0,210.27194,2311.5446,0.68088883,0.21920512,0,7.9123852,37.841416,689.33233,21.829703,738.10003,23.92382,209.06438,15.570045,217.1318,16.329965,951.40365,15.232736,1074.8121,16.764654
402,1e-05,37.568118,25155.892,1293.6585,33336.908,1691.1218,13.061033,0,216.68108,2319.5781,0.67876557,0.21874383,0,7.8540779,37.772387,683.94301,21.789836,738.10003,23.92382,208.10671,15.530352,217.1318,16.329965,952.12421,15.169254,1074.8121,16.764654
403,1e-05,37.589072,25209.608,1287.9389,33273.041,1687.7128,13.069201,0,217.13351,2320.948,0.67904055,0.21904089,0,7.8958758,37.815757,687.46419,21.772713,738.10003,23.92382,208.04747,15.505324,217.1318,16.329965,949.66761,15.169279,1074.8121,16.764654
404,1e-05,37.521802,25116.835,1292.1858,33358.651,1692.1202,13.083547,0,223.15879,2322.0228,0.67944613,0.21908864,0,7.9399694,37.813215,684.8372,21.833037,738.10003,23.92382,209.10648,15.596555,217.1318,16.329965,960.81989,15.115448,1074.8121,16.764654
405,1e-05,37.187359,24795.34,1276.0043,33328.978,1690.3137,13.031594,0,210.23777,2315.8657,0.67799356,0.21671752,0,7.4945975,37.495469,683.85688,21.743772,738.10003,23.92382,207.94709,15.552516,217.1318,16.329965,948.05766,15.377711,1074.8121,16.764654
406,1e-05,37.305919,24961.204,1282.4451,33274.171,1686.165,13.041185,0,212.86525,2316.9407,0.68082782,0.21864852,0,7.8729612,37.75025,684.94065,22.017335,738.10003,23.92382,208.95259,15.641058,217.1318,16.329965,953.68696,15.216162,1074.8121,16.764654
407,1e-05,37.575737,25184.857,1289.0819,33300.662,1688.3379,13.073289,0,219.63799,2321.0537,0.67863436,0.21822824,0,7.7481158,37.705614,686.45102,21.718784,738.10003,23.92382,208.92384,15.555611,217.1318,16.329965,948.81641,15.290985,1074.8121,16.764654
408,1e-05,37.726374,25335.662,1300.3913,33347.415,1692.2516,13.078416,0,220.88737,2321.668,0.6811031,0.21892669,0,7.9116948,37.790967,685.83633,21.981408,738.10003,23.92382,208.93192,15.60107,217.1318,16.329965,953.84878,15.208686,1074.8121,16.764654
409,1e-05,37.593153,25255.368,1296.4971,33326.192,1689.7907,13.065088,0,216.82088,2320.2798,0.67603604,0.21899299,0,7.905299,37.80465,681.04937,21.680376,738.10003,23.92382,207.66186,15.492297,217.1318,16.329965,945.37681,15.146116,1074.8121,16.764654
410,1e-05,37.575619,25231.169,1295.3572,33304.506,1690.7777,13.037965,0,216.31538,2315.477,0.67752809,0.21909207,0,7.899537,37.82413,685.56337,21.740769,738.10003,23.92382,208.19411,15.523875,217.1318,16.329965,954.99641,15.205899,1074.8121,16.764654
411,1e-05,37.571261,25268.025,1295.1541,33317.444,1688.027,13.056867,0,214.39096,2319.4036,0.6756392,0.21892651,0,7.9036341,37.792986,681.13328,21.676861,738.10003,23.92382,206.47492,15.429554,217.1318,16.329965,938.39037,15.15617,1074.8121,16.764654
412,1e-05,37.457445,25082.478,1286.0524,33224.601,1688.0398,13.036453,0,213.97002,2315.7991,0.68313031,0.21938255,0,7.9528513,37.863375,690.47286,21.926591,738.10003,23.92382,208.25877,15.536857,217.1318,16.329965,945.02762,15.139031,1074.8121,16.764654
413,1e-05,37.552706,25139.26,1289.1146,33331.248,1689.9597,13.098435,0,222.68611,2324.8499,0.67670009,0.21902883,0,7.9179634,37.807942,681.97254,21.724307,738.10003,23.92382,207.17301,15.460316,217.1318,16.329965,942.46794,14.99445,1074.8121,16.764654
414,1e-05,37.265671,24937.393,1286.3993,33358.892,1690.3779,12.980485,0,205.22757,2307.8484,0.67736337,0.21864929,0,7.8382456,37.759228,684.03503,21.709751,738.10003,23.92382,207.48589,15.476212,217.1318,16.329965,944.9656,15.124356,1074.8121,16.764654
415,1e-05,37.490666,25143.191,1295.6759,33335.321,1690.909,13.035833,0,213.78246,2315.7341,0.67521518,0.21772677,0,7.6889734,37.629493,681.17487,21.658262,738.10003,23.92382,206.97646,15.459609,217.1318,16.329965,940.55188,15.313527,1074.8121,16.764654
416,1e-05,37.350421,25061.153,1285.8572,33279.316,1687.8109,13.022867,0,213.0676,2313.5587,0.68022275,0.21896005,0,7.8957942,37.801081,689.18409,21.865525,738.10003,23.92382,209.38227,15.614682,217.1318,16.329965,961.36554,15.456561,1074.8121,16.764654
417,1e-05,37.357956,25014.561,1287.1955,33338.112,1691.5568,13.033393,0,212.82622,2315.5339,0.67919096,0.21912418,0,7.9195666,37.824871,685.57297,21.781789,738.10003,23.92382,208.15437,15.517752,217.1318,16.329965,946.36066,15.16901,1074.8121,16.764654
418,1e-05,37.484026,25067.083,1292.1752,33337.028,1689.751,13.083952,0,223.14425,2322.1,0.6768589,0.21846454,0,7.7836155,37.739542,683.82756,21.724478,738.10003,23.92382,208.33667,15.500528,217.1318,16.329965,943.25308,15.065202,1074.8121,16.764654
419,1e-05,37.400233,25041.188,1279.8384,33324.338,1690.4609,13.077,0,221.25517,2321.3168,0.67603818,0.21817402,0,7.7505301,37.695142,681.44326,21.673229,738.10003,23.92382,207.93293,15.502455,217.1318,16.329965,942.4017,15.255158,1074.8121,16.764654
420,1e-05,37.568733,25195.128,1287.4783,33347.612,1692.0382,13.027614,0,212.56305,2314.5501,0.67829541,0.2189853,0,7.9253788,37.79814,684.70675,21.783495,738.10003,23.92382,207.131,15.477325,217.1318,16.329965,947.2166,15.153308,1074.8121,16.764654
421,1e-05,37.472541,25175.986,1293.066,33348.802,1690.2867,13.021362,0,210.93271,2313.8283,0.67850164,0.21873149,0,7.8403732,37.77363,684.21843,21.737271,738.10003,23.92382,207.86789,15.491307,217.1318,16.329965,948.83737,15.249289,1074.8121,16.764654
422,1e-05,37.633513,25286.527,1296.5916,33459.884,1697.9993,13.072779,0,216.96271,2321.642,0.67838751,0.22000046,0,8.1484734,37.925928,682.91308,21.819213,738.10003,23.92382,206.64376,15.44286,217.1318,16.329965,946.00636,15.121016,1074.8121,16.764654
423,1e-05,37.637717,25231.337,1287.4104,33248.095,1684.7624,13.072842,0,217.89394,2321.4165,0.67545495,0.21892324,0,7.9196498,37.788316,680.63753,21.668779,738.10003,23.92382,206.92286,15.456654,217.1318,16.329965,939.17083,15.288002,1074.8121,16.764654
424,1e-05,37.553505,25202.027,1293.4391,33432.772,1695.3474,13.111405,0,224.88776,2326.6477,0.67783904,0.21878718,0,7.8921085,37.770588,682.91668,21.778258,738.10003,23.92382,208.16297,15.538688,217.1318,16.329965,950.96305,15.150879,1074.8121,16.764654
425,1e-05,37.374353,25035.475,1284.4838,33303.175,1691.8012,13.047759,0,213.29812,2318.0258,0.67920921,0.2183653,0,7.7843647,37.721308,687.21964,21.861042,738.10003,23.92382,208.43504,15.542754,217.1318,16.329965,957.78952,15.218553,1074.8121,16.764654
426,1e-05,37.55747,25180.913,1293.4406,33266.456,1687.6006,13.053096,0,215.86828,2318.342,0.67600966,0.21943484,0,8.0006925,37.860704,679.72919,21.694564,738.10003,23.92382,206.52679,15.446843,217.1318,16.329965,943.97648,15.11359,1074.8121,16.764654
427,1e-05,37.367863,25000.273,1284.8542,33303.326,1687.5669,13.042309,0,212.92806,2317.129,0.68038913,0.21875665,0,7.8305273,37.780711,686.92448,21.799784,738.10003,23.92382,208.39848,15.519953,217.1318,16.329965,944.26869,15.256893,1074.8121,16.764654
428,1e-05,37.290232,24962.173,1286.4296,33244.039,1688.8096,13.025808,0,211.10376,2314.5933,0.67803698,0.21767031,0,7.6739488,37.623053,684.60281,21.743636,738.10003,23.92382,207.82443,15.494364,217.1318,16.329965,934.00153,15.330132,1074.8121,16.764654
429,1e-05,37.587995,25285.841,1290.8477,33347.644,1690.6515,13.052139,0,215.74056,2318.2004,0.67804001,0.21898109,0,7.897479,37.804477,683.5469,21.728156,738.10003,23.92382,208.16049,15.51063,217.1318,16.329965,944.95089,15.198265,1074.8121,16.764654
430,1e-05,37.53864,25207.211,1289.114,33353.124,1689.6705,13.045049,0,213.99817,2317.3549,0.68413333,0.21977481,0,8.0312441,37.91474,694.93811,22.013487,738.10003,23.92382,210.03346,15.66574,217.1318,16.329965,964.83323,15.469448,1074.8121,16.764654
431,1e-05,37.439707,25090.673,1290.5044,33417.791,1693.4312,13.05155,0,216.05007,2318.0146,0.68818223,0.21574062,0,7.3190133,37.362547,696.70293,22.085356,738.10003,23.92382,211.59931,15.808799,217.1318,16.329965,944.96815,15.781747,1074.8121,16.764654
432,1e-05,37.412988,25085.584,1289.3323,33300.082,1689.2861,12.998837,0,206.79423,2310.7864,0.67606798,0.21918683,0,7.9592167,37.826169,682.14183,21.711466,738.10003,23.92382,206.86483,15.4515,217.1318,16.329965,942.26544,15.134451,1074.8121,16.764654
433,1e-05,37.321434,24950.566,1286.2302,33277.558,1689.3247,13.039486,0,214.01108,2316.3402,0.67495998,0.21914336,0,7.9690517,37.815761,681.20542,21.690526,738.10003,23.92382,205.80271,15.391801,217.1318,16.329965,940.71133,15.278666,1074.8121,16.764654
434,1e-05,37.389232,25028.357,1286.5448,33318.946,1688.9364,13.032084,0,212.31293,2315.4265,0.67819281,0.21868413,0,7.8421852,37.764559,684.74854,21.746796,738.10003,23.92382,208.19623,15.517826,217.1318,16.329965,942.86518,15.292509,1074.8121,16.764654
435,1e-05,37.566752,25179.61,1293.2714,33401.008,1693.6632,13.061349,0,216.94565,2319.5682,0.67625598,0.21871024,0,7.8578391,37.765322,682.33981,21.696945,738.10003,23.92382,207.41008,15.474131,217.1318,16.329965,944.56443,15.189903,1074.8121,16.764654
436,1e-05,37.469426,25091.096,1288.9905,33266.554,1687.2089,13.044431,0,214.708,2317.0619,0.67651683,0.21854227,0,7.8123572,37.746359,682.69248,21.700044,738.10003,23.92382,208.18674,15.513117,217.1318,16.329965,948.20295,15.270791,1074.8121,16.764654
437,1e-05,37.534341,25142.473,1290.3905,33335.688,1691.4916,13.034889,0,213.48644,2315.6379,0.68112797,0.2183728,0,7.7705829,37.726179,690.84925,21.88055,738.10003,23.92382,208.1946,15.536868,217.1318,16.329965,950.41107,15.332596,1074.8121,16.764654
438,1e-05,37.480035,25079.498,1285.8078,33370.316,1691.2744,13.073265,0,217.24808,2321.6577,0.67682011,0.21945082,0,8.0370555,37.854353,681.56129,21.748349,738.10003,23.92382,206.73215,15.468314,217.1318,16.329965,945.21863,15.184974,1074.8121,16.764654
439,1e-05,37.414665,25126.772,1288.5326,33274.072,1686.541,13.038028,0,213.76422,2316.1379,0.67446642,0.21859415,0,7.855435,37.744826,679.50011,21.66714,738.10003,23.92382,207.17877,15.470819,217.1318,16.329965,944.08573,15.218477,1074.8121,16.764654
440,1e-05,37.335198,24951.243,1278.8191,33309.621,1690.5837,13.058517,0,213.9875,2319.8063,0.67690719,0.21835594,0,7.8089548,37.713345,684.42015,21.753699,738.10003,23.92382,207.49734,15.482691,217.1318,16.329965,948.91027,15.315643,1074.8121,16.764654
441,1e-05,37.436804,25053.02,1287.8665,33280.285,1689.2634,13.035639,0,216.37574,2315.0387,0.67854477,0.21848298,0,7.8403533,37.728451,683.90404,21.87051,738.10003,23.92382,206.9635,15.503607,217.1318,16.329965,957.63556,15.338761,1074.8121,16.764654
442,1e-05,37.465205,25155.769,1289.6362,33344.18,1691.7784,13.041044,0,212.35097,2317.0459,0.67748818,0.21914901,0,7.9579083,37.819626,685.76445,21.811451,738.10003,23.92382,207.38146,15.488794,217.1318,16.329965,951.18906,15.14885,1074.8121,16.764654
443,1e-05,37.666746,25285.801,1291.1174,33347.353,1689.8005,13.050034,0,213.994,2318.2622,0.67547918,0.21867999,0,7.899969,37.749097,681.50912,21.739154,738.10003,23.92382,206.98663,15.467478,217.1318,16.329965,937.3813,15.148247,1074.8121,16.764654
444,1e-05,37.501857,25082.79,1290.8106,33366.27,1691.0593,13.049626,0,215.12613,2317.9,0.67739357,0.21873469,0,7.8762252,37.765086,684.9661,21.789435,738.10003,23.92382,207.8007,15.525302,217.1318,16.329965,957.02978,15.240622,1074.8121,16.764654
445,1e-05,37.513018,25059.691,1288.8376,33294.071,1688.1622,13.05034,0,215.15653,2318.022,0.67918928,0.21839289,0,7.8042835,37.721253,686.79522,21.780542,738.10003,23.92382,208.30473,15.537147,217.1318,16.329965,947.70524,15.330975,1074.8121,16.764654
446,1e-05,37.678925,25327.095,1295.0333,33271.628,1688.7194,13.08523,0,220.5924,2322.9819,0.68406771,0.21649518,0,7.4389748,37.469203,691.58438,21.967771,738.10003,23.92382,210.21925,15.720855,217.1318,16.329965,947.26079,15.485283,1074.8121,16.764654
447,1e-05,37.543514,25243.238,1294.0747,33351.228,1692.1843,13.040739,0,213.40584,2316.722,0.68021241,0.21877391,0,7.928471,37.758918,686.82119,21.952642,738.10003,23.92382,207.83704,15.537482,217.1318,16.329965,942.34405,15.168439,1074.8121,16.764654
448,1e-05,37.485789,25059.341,1285.6622,33373.171,1691.0786,13.10271,0,218.34024,2326.7334,0.67951503,0.2181688,0,7.7259151,37.700457,688.11219,21.837603,738.10003,23.92382,209.28655,15.588719,217.1318,16.329965,954.75437,15.265093,1074.8121,16.764654
449,1e-05,37.397616,25040.239,1279.6201,33338.524,1690.1996,13.029338,0,210.79017,2315.3149,0.68146736,0.21883072,0,7.8762276,37.782547,690.3851,22.025059,738.10003,23.92382,209.4265,15.619692,217.1318,16.329965,963.75329,15.114506,1074.8121,16.764654
450,1e-05,37.394156,25017.522,1284.8089,33272.501,1688.2324,13.046129,0,215.0956,2317.2719,0.67812935,0.21872888,0,7.8959059,37.759021,684.78699,21.855904,738.10003,23.92382,207.11695,15.487173,217.1318,16.329965,943.64865,15.12411,1074.8121,16.764654
451,1e-05,37.438548,25004.032,1284.781,33231.283,1687.0209,13.080306,0,218.79349,2322.5446,0.67985266,0.21867468,0,7.824716,37.767287,687.6997,21.843108,738.10003,23.92382,208.63671,15.554334,217.1318,16.329965,950.39194,15.232001,1074.8121,16.764654
452,1e-05,37.61166,25224.759,1292.2796,33351.381,1690.9905,13.069402,0,214.93122,2321.5452,0.68019969,0.21909474,0,7.9511371,37.81148,687.3497,21.879493,738.10003,23.92382,207.78278,15.527348,217.1318,16.329965,950.03281,15.356112,1074.8121,16.764654
453,1e-05,37.572944,25171.039,1288.7942,33238.289,1686.0944,13.040062,0,213.81682,2316.4944,0.67657737,0.21877118,0,7.8820282,37.770244,684.20387,21.711336,738.10003,23.92382,207.0434,15.443837,217.1318,16.329965,935.75921,15.097675,1074.8121,16.764654
454,1e-05,37.426171,25110.901,1282.9388,33237.588,1687.2319,13.041686,0,212.87843,2317.0283,0.67627796,0.21780979,0,7.701433,37.641416,682.75919,21.72405,738.10003,23.92382,208.52355,15.56148,217.1318,16.329965,950.17274,15.32164,1074.8121,16.764654
455,1e-05,37.402495,25050.585,1276.8653,33266.011,1686.1905,13.065767,0,216.54304,2320.4741,0.67719755,0.21724655,0,7.5512708,37.57723,683.84616,21.702963,738.10003,23.92382,208.03205,15.511611,217.1318,16.329965,943.24778,15.401024,1074.8121,16.764654
456,1e-05,37.396205,25142.713,1284.6107,33360.817,1688.974,13.000003,0,206.73074,2311.0146,0.67687,0.21806426,0,7.7126915,37.684818,684.89838,21.735248,738.10003,23.92382,209.0732,15.55655,217.1318,16.329965,948.9164,15.243645,1074.8121,16.764654
457,1e-05,37.533182,25229.934,1290.3968,33290.968,1687.9424,13.060289,0,217.24063,2319.3004,0.67896808,0.21872443,0,7.8858201,37.760778,685.4584,21.839744,738.10003,23.92382,208.07467,15.539222,217.1318,16.329965,950.58643,15.254496,1074.8121,16.764654
458,1e-05,37.493395,25110.143,1290.3802,33245.448,1686.5194,13.054947,0,214.76409,2318.9595,0.67560182,0.21832898,0,7.8357166,37.701632,681.94952,21.708658,738.10003,23.92382,206.56184,15.447181,217.1318,16.329965,938.8107,15.306449,1074.8121,16.764654
459,1e-05,37.273232,24958.639,1282.2273,33317.432,1689.3114,13.032639,0,213.11384,2315.3236,0.68192461,0.21927914,0,7.9591697,37.842964,689.70249,21.928203,738.10003,23.92382,208.09091,15.52855,217.1318,16.329965,947.58102,15.160553,1074.8121,16.764654
460,1e-05,37.290818,24875.95,1279.512,33318.549,1688.8388,13.039251,0,212.20755,2316.7564,0.68144489,0.21923489,0,7.9635386,37.833807,688.25309,21.962052,738.10003,23.92382,208.35672,15.546828,217.1318,16.329965,944.76608,15.163689,1074.8121,16.764654
461,1e-05,37.538197,25107.501,1296.5167,33283.362,1690.2366,13.034939,0,212.79945,2315.8217,0.67983497,0.21852643,0,7.7814738,37.75134,689.07154,21.884561,738.10003,23.92382,210.04162,15.642468,217.1318,16.329965,963.5489,15.462482,1074.8121,16.764654
462,1e-05,37.347952,25052.088,1289.9005,33316.836,1688.1278,13.002791,0,210.33811,2310.6033,0.68024778,0.21727626,0,7.5792757,37.575506,687.20041,21.777284,738.10003,23.92382,207.84768,15.519978,217.1318,16.329965,940.30466,15.460529,1074.8121,16.764654
463,1e-05,37.308392,24975.458,1283.4653,33280.785,1686.9015,13.048647,0,214.84158,2317.7944,0.67485259,0.21824464,0,7.7649537,37.70431,681.41408,21.669935,738.10003,23.92382,206.88898,15.4313,217.1318,16.329965,935.88484,15.124976,1074.8121,16.764654
464,1e-05,37.364675,25014.41,1282.3073,33326.905,1688.4385,13.05269,0,215.00001,2318.4891,0.67371883,0.21770199,0,7.6771304,37.628002,677.1453,21.630976,738.10003,23.92382,207.62657,15.502986,217.1318,16.329965,938.47569,15.21099,1074.8121,16.764654
465,1e-05,37.411993,25088.744,1293.5371,33321.281,1691.6502,13.029924,0,213.10422,2314.8324,0.6767868,0.21835486,0,7.7685909,37.723426,682.92087,21.76891,738.10003,23.92382,207.8992,15.526123,217.1318,16.329965,950.52624,15.177046,1074.8121,16.764654
466,1e-05,37.666056,25264.731,1295.2732,33373.411,1692.06,13.097552,0,221.70553,2324.939,0.68065316,0.21940498,0,7.9729797,37.86233,686.91416,21.863455,738.10003,23.92382,208.22589,15.517593,217.1318,16.329965,948.52023,15.168453,1074.8121,16.764654
467,1e-05,37.477083,25102.877,1288.4079,33294.875,1688.0839,13.041645,0,214.47837,2316.6138,0.67928165,0.21911941,0,7.9382863,37.819239,685.95609,21.79218,738.10003,23.92382,208.19271,15.520178,217.1318,16.329965,945.51462,15.15168,1074.8121,16.764654
468,1e-05,37.524378,25225.5,1295.7901,33441.505,1695.1492,13.029199,0,212.0784,2314.9617,0.67443941,0.21873424,0,7.87881,37.764348,679.30147,21.641122,738.10003,23.92382,207.68592,15.500583,217.1318,16.329965,946.99715,15.130994,1074.8121,16.764654
469,1e-05,37.303022,24911.672,1280.7641,33279.246,1686.6031,13.042961,0,215.62151,2316.562,0.68057307,0.2183764,0,7.7614064,37.729169,689.45917,21.874464,738.10003,23.92382,210.42707,15.64831,217.1318,16.329965,961.68417,15.24086,1074.8121,16.764654
470,1e-05,37.359207,25027.705,1284.7416,33336.009,1690.0625,13.008648,0,207.60465,2312.3639,0.67667308,0.21933329,0,7.9931341,37.844164,681.08742,21.785619,738.10003,23.92382,207.92137,15.529507,217.1318,16.329965,953.01623,14.969213,1074.8121,16.764654
471,1e-05,37.664711,25258.35,1290.3087,33344.402,1689.8789,13.072266,0,218.40923,2321.1805,0.67740756,0.2188229,0,7.8898334,37.777661,683.20538,21.75955,738.10003,23.92382,207.99706,15.511339,217.1318,16.329965,944.45665,15.17879,1074.8121,16.764654
472,1e-05,37.555483,25172.397,1289.0922,33216.722,1685.0747,13.069475,0,218.89495,2320.5495,0.6798904,0.21812745,0,7.7122364,37.696422,688.15589,21.80908,738.10003,23.92382,209.10444,15.564735,217.1318,16.329965,944.84106,15.274284,1074.8121,16.764654
473,1e-05,37.181575,24886.923,1281.6575,33239.226,1688.3423,12.969112,0,202.72577,2306.4174,0.67178908,0.21834323,0,7.795237,37.714527,676.90787,21.58502,738.10003,23.92382,206.92782,15.448362,217.1318,16.329965,940.68758,15.14364,1074.8121,16.764654
474,1e-05,37.384325,24987.114,1289.37,33259.158,1688.3778,13.029965,0,213.38188,2314.7691,0.67759245,0.21881703,0,7.89722,37.774713,684.3952,21.796696,738.10003,23.92382,207.95668,15.512422,217.1318,16.329965,946.81002,15.181608,1074.8121,16.764654
475,1e-05,37.35657,24976.255,1287.1776,33336.354,1689.0738,13.016147,0,211.00369,2312.8621,0.67453282,0.2188367,0,7.9329609,37.769193,680.5437,21.725393,738.10003,23.92382,206.79035,15.462959,217.1318,16.329965,946.4894,15.141223,1074.8121,16.764654
476,1e-05,37.325829,25081.312,1284.1993,33361.58,1691.4252,13.004538,0,207.77416,2311.5735,0.67543484,0.21793996,0,7.7409245,37.65503,679.22784,21.714648,738.10003,23.92382,207.93304,15.55031,217.1318,16.329965,937.87069,15.298664,1074.8121,16.764654
477,1e-05,37.515719,25093.158,1286.1086,33272.972,1686.7162,13.016831,0,208.88793,2313.5252,0.68119734,0.21904546,0,7.9397041,37.805432,690.07153,21.860332,738.10003,23.92382,208.60603,15.563177,217.1318,16.329965,947.85518,15.323193,1074.8121,16.764654
478,1e-05,37.303388,24866.171,1277.9524,33354.24,1691.6989,13.019392,0,208.58203,2314.0686,0.67929257,0.21844306,0,7.8337993,37.722863,687.04308,21.835527,738.10003,23.92382,207.99065,15.519724,217.1318,16.329965,939.74161,15.216318,1074.8121,16.764654
479,1e-05,37.471191,25030.211,1286.0097,33229.052,1684.8621,13.076124,0,220.91951,2321.243,0.6757047,0.21874447,0,7.879745,37.76597,683.03904,21.701758,738.10003,23.92382,207.84997,15.503518,217.1318,16.329965,942.97569,15.206571,1074.8121,16.764654
480,1e-05,37.316562,24925.401,1279.8748,33309.363,1690.6705,13.03094,0,213.76655,2314.8485,0.67503238,0.21889919,0,7.8966682,37.789793,680.75047,21.688837,738.10003,23.92382,206.83114,15.456988,217.1318,16.329965,941.60698,15.134774,1074.8121,16.764654
481,1e-05,37.358131,24995.652,1292.5385,33324.115,1689.5636,12.980089,0,206.86133,2307.3606,0.67806434,0.21853888,0,7.8047351,37.747681,685.01994,21.756965,738.10003,23.92382,208.42855,15.530794,217.1318,16.329965,946.59636,15.336346,1074.8121,16.764654
482,1e-05,37.380142,25037.286,1289.9419,33406.273,1694.6163,12.999675,0,209.67907,2310.2044,0.67303544,0.21698553,0,7.5368001,37.533457,679.84283,21.625566,738.10003,23.92382,207.31295,15.46877,217.1318,16.329965,938.73975,15.375685,1074.8121,16.764654
483,1e-05,37.555211,25223.552,1291.8011,33241.757,1688.0752,13.05758,0,219.77381,2318.1631,0.67897697,0.218772,0,7.8786667,37.771249,685.67834,21.778209,738.10003,23.92382,207.8485,15.505967,217.1318,16.329965,941.4133,15.256869,1074.8121,16.764654
484,1e-05,37.373085,24951.764,1282.5222,33190.066,1684.5579,13.021508,0,208.99005,2314.3494,0.67331336,0.21753099,0,7.6489536,37.604084,678.74671,21.57406,738.10003,23.92382,207.73522,15.474939,217.1318,16.329965,935.46168,15.177209,1074.8121,16.764654
485,1e-05,37.560414,25202.32,1299.228,33307.876,1688.0435,13.05484,0,215.32423,2318.7975,0.67819657,0.21839716,0,7.8120372,37.720056,686.15125,21.788687,738.10003,23.92382,207.92564,15.520022,217.1318,16.329965,946.02631,15.221435,1074.8121,16.764654
486,1e-05,37.174083,24909.692,1280.3063,33264.308,1687.1295,12.986499,0,208.69815,2308.0584,0.67491929,0.21878509,0,7.8845796,37.772123,680.50552,21.706542,738.10003,23.92382,206.99966,15.475644,217.1318,16.329965,951.27699,15.146153,1074.8121,16.764654
487,1e-05,37.572666,25132.617,1289.2812,33301.526,1690.1433,13.082893,0,219.08626,2322.9403,0.67674729,0.21865787,0,7.8501731,37.75775,683.33364,21.690906,738.10003,23.92382,207.70008,15.48572,217.1318,16.329965,940.89847,15.214697,1074.8121,16.764654
488,1e-05,37.470942,25113.386,1289.5308,33312.434,1690.9055,13.030769,0,211.75087,2315.3305,0.67854076,0.21882558,0,7.8765103,37.781539,687.42711,21.828943,738.10003,23.92382,208.53812,15.548594,217.1318,16.329965,950.39075,15.092788,1074.8121,16.764654
489,1e-05,37.474508,25078.618,1289.855,33375.745,1692.2872,13.048065,0,215.0605,2317.6327,0.67647974,0.21818082,0,7.7665022,37.692313,681.88711,21.725799,738.10003,23.92382,207.46221,15.488037,217.1318,16.329965,942.07397,15.28922,1074.8121,16.764654
490,1e-05,37.555325,25186.315,1291.3791,33320.116,1688.8097,13.063314,0,216.01148,2320.1633,0.67607307,0.21880549,0,7.91905,37.767058,680.95285,21.803799,738.10003,23.92382,207.04445,15.477724,217.1318,16.329965,942.19703,15.131434,1074.8121,16.764654
491,1e-05,37.157437,24874.055,1276.2568,33172.143,1684.6247,12.986557,0,204.68927,2309.0894,0.68096444,0.21620675,0,7.4338973,37.418053,687.49033,21.84702,738.10003,23.92382,207.71567,15.530522,217.1318,16.329965,937.26707,15.621187,1074.8121,16.764654
492,1e-05,37.46725,25076.435,1288.8897,33345.545,1692.1586,13.093401,0,222.30195,2324.0323,0.67567047,0.21677057,0,7.4969271,37.504522,681.67295,21.6479,738.10003,23.92382,207.67212,15.506249,217.1318,16.329965,942.08956,15.347032,1074.8121,16.764654
493,1e-05,37.482348,25138.237,1289.4003,33299.341,1689.2003,13.00772,0,210.86015,2311.3665,0.67261273,0.2175662,0,7.641232,37.612451,677.51875,21.609884,738.10003,23.92382,207.96959,15.511796,217.1318,16.329965,944.27915,15.19946,1074.8121,16.764654
494,1e-05,37.417687,25040.691,1285.4689,33286.878,1689.9075,13.035293,0,213.12186,2315.8041,0.67464178,0.2180674,0,7.7724254,37.670182,681.41272,21.737529,738.10003,23.92382,207.33251,15.484334,217.1318,16.329965,943.50548,15.050206,1074.8121,16.764654
495,1e-05,37.376031,25050.793,1289.8251,33330.217,1690.0391,13.035296,0,213.2323,2315.7766,0.67972943,0.21865143,0,7.80942,37.766953,688.14239,21.808296,738.10003,23.92382,209.72166,15.595344,217.1318,16.329965,957.5358,15.257974,1074.8121,16.764654
496,1e-05,37.570147,25194.804,1293.5517,33399.608,1692.884,13.071104,0,220.24349,2320.5024,0.67809154,0.21878561,0,7.8662183,37.776891,683.30329,21.764633,738.10003,23.92382,208.00372,15.508522,217.1318,16.329965,945.87896,15.228122,1074.8121,16.764654
497,1e-05,37.338449,24941.501,1275.1411,33327.221,1689.2257,13.068754,0,216.08695,2321.1332,0.67603356,0.21859344,0,7.8409513,37.748384,681.68553,21.704523,738.10003,23.92382,207.62004,15.48896,217.1318,16.329965,946.20444,15.203505,1074.8121,16.764654
498,1e-05,37.430663,25056.878,1287.4256,33285.954,1688.256,13.041815,0,210.97887,2317.5355,0.67761041,0.2187594,0,7.8421759,37.778247,685.08739,21.754562,738.10003,23.92382,208.55685,15.526463,217.1318,16.329965,947.60263,15.14746,1074.8121,16.764654
499,1e-05,37.511121,25130.297,1292.6297,33281.106,1689.3674,13.070313,0,218.21462,2320.8751,0.67649571,0.21974443,0,8.1280934,37.884564,683.46914,21.75509,738.10003,23.92382,206.08472,15.416223,217.1318,16.329965,943.81092,15.128254,1074.8121,16.764654
500,1e-05,37.171358,24819.278,1275.2925,33260.881,1688.8703,13.026723,0,210.73511,2314.8535,0.67795884,0.21870912,0,7.9004578,37.754269,685.44822,21.817981,738.10003,23.92382,206.47034,15.458136,217.1318,16.329965,950.91989,15.355473,1074.8121,16.764654
501,1e-05,37.350206,24960.402,1281.1388,33354.463,1691.399,13.02694,0,211.64444,2314.6614,0.67654934,0.21828963,0,7.7691122,37.711433,681.69989,21.690471,738.10003,23.92382,207.89565,15.516117,217.1318,16.329965,947.74538,15.330323,1074.8121,16.764654
502,1e-05,37.17423,24839.676,1276.4043,33270.022,1688.0486,12.998266,0,208.65382,2310.2092,0.68038516,0.21865266,0,7.8455069,37.757991,689.44983,21.83199,738.10003,23.92382,208.42616,15.523891,217.1318,16.329965,945.3762,15.290572,1074.8121,16.764654
503,1e-05,37.199925,24839.446,1277.5802,33256.171,1687.9228,13.014548,0,210.28653,2312.754,0.67988845,0.21902965,0,7.9078613,37.810663,688.63972,21.843128,738.10003,23.92382,208.75862,15.538814,217.1318,16.329965,949.51282,15.102429,1074.8121,16.764654
504,1e-05,37.395714,25134.127,1284.8074,33272.275,1686.2091,13.016383,0,207.32364,2313.8418,0.67686498,0.2189339,0,7.9631891,37.779171,682.81924,21.783532,738.10003,23.92382,206.63166,15.437207,217.1318,16.329965,940.30907,15.065127,1074.8121,16.764654
505,1e-05,37.392138,25082.587,1287.3917,33297.386,1687.7465,13.016977,0,211.49673,2312.8876,0.67651617,0.21778893,0,7.6581121,37.648651,683.82661,21.678673,738.10003,23.92382,209.14253,15.547287,217.1318,16.329965,945.84259,15.235438,1074.8121,16.764654
506,1e-05,37.234207,24904.181,1277.4721,33247.108,1685.9514,13.006516,0,209.78429,2311.4214,0.67908052,0.21837729,0,7.7627786,37.728981,685.89683,21.802534,738.10003,23.92382,209.49726,15.565966,217.1318,16.329965,943.84869,15.208405,1074.8121,16.764654
507,1e-05,37.510053,25218.383,1289.7889,33357.394,1689.9208,13.064054,0,216.14481,2320.2639,0.68359065,0.21633532,0,7.4083365,37.447936,691.82159,21.87974,738.10003,23.92382,210.24976,15.672463,217.1318,16.329965,943.51493,15.690686,1074.8121,16.764654
508,1e-05,37.559722,25235.156,1294.0674,33373.545,1688.23,13.0483,0,217.34006,2317.0953,0.68578063,0.21703689,0,7.5405944,37.54183,694.27695,22.000162,738.10003,23.92382,209.86188,15.692211,217.1318,16.329965,951.00638,15.713834,1074.8121,16.764654
509,1e-05,37.334999,25038.335,1287.9227,33328.594,1689.3914,12.991546,0,206.47802,2309.5412,0.67764171,0.2188232,0,7.8743911,37.781646,683.85591,21.772825,738.10003,23.92382,208.49572,15.529893,217.1318,16.329965,949.84991,15.173607,1074.8121,16.764654
510,1e-05,37.539113,25209.973,1286.5866,33335.004,1690.7763,13.03721,0,211.61498,2316.5363,0.67888974,0.21841505,0,7.7839418,37.730461,684.7759,21.844708,738.10003,23.92382,209.17078,15.577017,217.1318,16.329965,951.08848,15.135347,1074.8121,16.764654
511,1e-05,37.217078,24866.652,1284.0701,33177.355,1682.1565,12.992838,0,208.20726,2309.336,0.67839153,0.21733936,0,7.6006364,37.581541,685.5358,21.735637,738.10003,23.92382,207.44837,15.500988,217.1318,16.329965,938.95018,15.39082,1074.8121,16.764654
512,1e-05,37.142655,24725.792,1267.7231,33325.653,1689.2819,13.023454,0,212.30807,2313.8586,0.67612354,0.21909329,0,7.9848804,37.802629,681.35293,21.7533,738.10003,23.92382,206.94851,15.466974,217.1318,16.329965,942.43485,15.172693,1074.8121,16.764654
513,1e-05,37.475403,25152.856,1289.6313,33318.742,1690.6831,13.017051,0,213.42568,2312.4101,0.67649781,0.21904619,0,7.9446459,37.804307,682.76848,21.715157,738.10003,23.92382,206.69931,15.44236,217.1318,16.329965,942.73135,15.160203,1074.8121,16.764654
514,1e-05,37.416774,25117.529,1287.5385,33358.007,1691.8282,13.034096,0,212.82351,2315.6624,0.67740945,0.21857963,0,7.849901,37.743595,683.23703,21.774662,738.10003,23.92382,207.20978,15.475525,217.1318,16.329965,942.31682,15.183516,1074.8121,16.764654
515,1e-05,37.55523,25151.655,1294.2457,33304.887,1690.4754,13.059902,0,218.75751,2318.844,0.67488397,0.21709197,0,7.5202704,37.557016,681.27765,21.623907,738.10003,23.92382,208.3528,15.526661,217.1318,16.329965,939.98769,15.377452,1074.8121,16.764654
516,1e-05,37.384599,25071.668,1286.1688,33352.663,1693.5294,13.033574,0,213.13409,2315.4884,0.67680553,0.21912296,0,7.9917214,37.806281,680.61293,21.83181,738.10003,23.92382,207.17097,15.497187,217.1318,16.329965,949.11743,15.08562,1074.8121,16.764654
517,1e-05,37.432177,25065.625,1286.5862,33356.477,1689.6491,13.045205,0,212.79701,2317.689,0.67748316,0.21849641,0,7.8167235,37.736909,683.95312,21.727014,738.10003,23.92382,208.16649,15.516104,217.1318,16.329965,946.018,15.224242,1074.8121,16.764654
518,1e-05,37.46008,25122.094,1293.0613,33281.02,1687.6631,13.047958,0,214.33931,2317.797,0.6768093,0.21789009,0,7.710106,37.653808,680.77005,21.833967,738.10003,23.92382,208.88313,15.582355,217.1318,16.329965,942.86501,15.134856,1074.8121,16.764654
519,1e-05,37.42215,25026.732,1279.2633,33350.558,1691.5314,13.045006,0,213.13541,2317.5666,0.67697245,0.21829276,0,7.7825173,37.708589,684.36587,21.722829,738.10003,23.92382,208.13797,15.508459,217.1318,16.329965,939.96256,15.145483,1074.8121,16.764654
520,1e-05,37.453256,25092.389,1283.9445,33352.931,1691.652,13.05372,0,212.1988,2319.3893,0.67835112,0.21917924,0,7.9670707,37.82279,686.09694,21.796341,738.10003,23.92382,207.47121,15.483964,217.1318,16.329965,947.86424,15.176112,1074.8121,16.764654
521,1e-05,37.512097,25149.707,1285.752,33376.708,1692.4416,13.057343,0,213.84274,2319.6297,0.67844684,0.21945821,0,7.9990587,37.865369,685.61824,21.755059,738.10003,23.92382,207.78047,15.496184,217.1318,16.329965,947.02141,15.077922,1074.8121,16.764654
522,1e-05,37.430658,25002.838,1285.6051,33275.791,1687.4142,13.041656,0,215.47691,2316.3616,0.67814933,0.21927552,0,7.9911843,37.834157,684.19828,21.773961,738.10003,23.92382,207.46934,15.493837,217.1318,16.329965,951.88374,15.174766,1074.8121,16.764654
523,1e-05,37.21963,24906.839,1279.8715,33316.307,1687.8279,13.005027,0,209.11771,2311.3204,0.67686993,0.21855111,0,7.8147222,37.747364,682.45,21.757418,738.10003,23.92382,208.28886,15.527511,217.1318,16.329965,947.66742,15.048092,1074.8121,16.764654
524,1e-05,37.452969,25102.329,1290.219,33229.479,1687.7303,13.05219,0,216.11171,2318.1152,0.68418201,0.21901657,0,7.8681313,37.818399,694.38714,22.002736,738.10003,23.92382,210.40527,15.626464,217.1318,16.329965,951.43411,15.139416,1074.8121,16.764654
525,1e-05,37.260796,24914.536,1279.916,33238.271,1686.2603,13.027259,0,209.77936,2315.1941,0.67687064,0.21818961,0,7.7521766,37.697558,683.55221,21.669697,738.10003,23.92382,208.51818,15.522566,217.1318,16.329965,943.08401,15.210168,1074.8121,16.764654
526,1e-05,37.356106,24993.128,1279.9886,33225.345,1685.8079,13.053739,0,214.4611,2318.817,0.68217048,0.21883795,0,7.8930157,37.779587,688.40134,21.933012,738.10003,23.92382,209.87687,15.633627,217.1318,16.329965,946.19175,15.22157,1074.8121,16.764654
527,1e-05,37.439452,25009.823,1290.7034,33328,1690.5272,13.039334,0,214.33772,2316.2293,0.67714794,0.21811544,0,7.7478485,37.685173,683.69998,21.759164,738.10003,23.92382,209.42231,15.593186,217.1318,16.329965,951.22215,15.118736,1074.8121,16.764654
528,1e-05,37.402742,25051.534,1284.1355,33295.741,1686.9938,13.040668,0,213.02625,2316.8057,0.67608623,0.21802256,0,7.7195191,37.675498,681.9606,21.710742,738.10003,23.92382,208.73919,15.545184,217.1318,16.329965,946.88643,15.203096,1074.8121,16.764654
529,1e-05,37.320916,25003.484,1280.7451,33286.236,1688.1861,13.044217,0,211.10277,2317.9406,0.67637802,0.21844541,0,7.8288376,37.724553,681.94504,21.760988,738.10003,23.92382,207.26738,15.474558,217.1318,16.329965,942.15798,15.186201,1074.8121,16.764654
530,1e-05,37.543953,25167.114,1294.7115,33309.015,1689.3479,13.074703,0,218.21441,2321.6732,0.67510136,0.21779101,0,7.6851996,37.642132,681.45169,21.694812,738.10003,23.92382,208.75916,15.552414,217.1318,16.329965,946.52356,15.189404,1074.8121,16.764654
531,1e-05,37.327739,24954.703,1278.4569,33353.047,1693.8273,13.014409,0,210.21499,2312.7469,0.67825337,0.21776067,0,7.6498345,37.645618,685.46477,21.77336,738.10003,23.92382,209.98835,15.610138,217.1318,16.329965,946.24942,15.231075,1074.8121,16.764654
532,1e-05,37.662446,25273.521,1291.8036,33282.742,1687.4227,13.111006,0,221.92199,2327.33,0.68275085,0.21915096,0,7.8974016,37.835382,691.36047,21.863319,738.10003,23.92382,209.31791,15.560687,217.1318,16.329965,944.19601,15.142705,1074.8121,16.764654
533,1e-05,37.33084,24979.83,1285.2836,33234.622,1686.1895,13.051988,0,212.69494,2318.9482,0.67669711,0.21838598,0,7.8268675,37.714248,681.92758,21.731523,738.10003,23.92382,207.85657,15.51906,217.1318,16.329965,941.51357,15.121967,1074.8121,16.764654
534,1e-05,37.321548,25001.584,1284.5261,33284.735,1688.7297,12.988769,0,210.87982,2307.9158,0.67692612,0.21842447,0,7.792194,37.730073,682.06037,21.673186,738.10003,23.92382,208.27372,15.513939,217.1318,16.329965,940.20418,15.226122,1074.8121,16.764654
535,1e-05,37.417534,25064.131,1285.8466,33408.439,1693.0063,13.046244,0,215.3721,2317.2225,0.68456893,0.21982994,0,8.0543172,37.91889,695.81088,22.038637,738.10003,23.92382,209.55516,15.631658,217.1318,16.329965,960.98113,15.355053,1074.8121,16.764654
536,1e-05,37.218313,24839.75,1278.2281,33266.104,1689.8225,13.03059,0,212.94446,2314.9942,0.68146241,0.21852594,0,7.8134853,37.743103,690.08522,21.882447,738.10003,23.92382,209.41061,15.584955,217.1318,16.329965,944.07343,15.20305,1074.8121,16.764654
537,1e-05,37.381543,25057.846,1289.2661,33317.417,1690.2297,13.049613,0,214.03854,2318.1744,0.67858535,0.21894832,0,7.882964,37.802214,686.08175,21.779313,738.10003,23.92382,206.87983,15.43785,217.1318,16.329965,940.7138,15.198435,1074.8121,16.764654
538,1e-05,37.490413,25057.956,1285.2933,33312.883,1689.8838,13.038229,0,212.67273,2316.4523,0.68311448,0.21895423,0,7.9447244,37.787568,690.77465,21.975735,738.10003,23.92382,209.29394,15.59642,217.1318,16.329965,943.74985,15.176132,1074.8121,16.764654
539,1e-05,37.407104,25007.552,1283.0359,33288.741,1688.1293,13.046877,0,216.84553,2316.9624,0.67536571,0.2190519,0,7.9214302,37.811255,681.54033,21.660239,738.10003,23.92382,206.54154,15.428457,217.1318,16.329965,941.91939,15.095699,1074.8121,16.764654
540,1e-05,37.353697,24963.781,1281.9117,33316.797,1688.7816,13.064243,0,216.83865,2320.1216,0.68096081,0.21988325,0,8.1050496,37.915669,688.47564,21.889397,738.10003,23.92382,206.78185,15.452628,217.1318,16.329965,941.89399,15.06092,1074.8121,16.764654
541,1e-05,37.476508,25153.086,1290.7085,33289.438,1689.3316,13.033275,0,213.35824,2315.377,0.6761893,0.21862461,0,7.8456178,37.752864,682.74207,21.675996,738.10003,23.92382,207.9641,15.496454,217.1318,16.329965,946.17241,15.138416,1074.8121,16.764654
542,1e-05,37.317903,24975.493,1284.5464,33272.597,1688.2708,13.058934,0,215.50423,2319.496,0.67877571,0.21870548,0,7.8358733,37.770047,685.33733,21.758252,738.10003,23.92382,208.87835,15.550961,217.1318,16.329965,946.87473,15.191396,1074.8121,16.764654
543,1e-05,37.360422,25063.831,1284.3215,33282.305,1687.3619,13.039083,0,214.52228,2316.1367,0.67805315,0.21880557,0,7.8598283,37.782147,684.10317,21.788953,738.10003,23.92382,207.80704,15.503741,217.1318,16.329965,944.81833,15.144518,1074.8121,16.764654
544,1e-05,37.277826,24885.973,1280.2744,33300.144,1688.6826,13.019096,0,209.44022,2313.7963,0.68411814,0.21951308,0,7.9677879,37.883306,692.773,21.961058,738.10003,23.92382,208.84299,15.560014,217.1318,16.329965,953.56672,15.098741,1074.8121,16.764654
545,1e-05,37.436628,25097.303,1290.8563,33344.209,1691.3583,13.063608,0,216.28688,2320.1466,0.68298413,0.21982287,0,8.0522245,37.918139,690.92266,21.924413,738.10003,23.92382,207.93061,15.506811,217.1318,16.329965,942.9122,15.053258,1074.8121,16.764654
546,1e-05,37.710041,25359.561,1299.4214,33353.255,1691.7561,13.098413,0,223.12692,2324.7337,0.67778145,0.21842171,0,7.7931241,37.729335,683.83468,21.752026,738.10003,23.92382,207.61474,15.491346,217.1318,16.329965,947.11402,15.19681,1074.8121,16.764654
547,1e-05,37.261182,24902.43,1278.6932,33343.852,1691.0021,13.016097,0,207.74162,2313.6833,0.68163154,0.21900601,0,7.9179216,37.803804,689.71196,21.906486,738.10003,23.92382,208.02358,15.535449,217.1318,16.329965,950.82094,15.153077,1074.8121,16.764654
548,1e-05,37.344594,24985.701,1286.1544,33331.863,1690.0705,13.015362,0,213.94374,2311.9711,0.68564928,0.21975653,0,8.026499,37.912625,693.19187,22.050586,738.10003,23.92382,208.75665,15.567114,217.1318,16.329965,950.28155,15.2097,1074.8121,16.764654
549,1e-05,37.451573,25088.846,1286.2979,33336.789,1690.1005,12.993427,0,207.63271,2309.5893,0.67581926,0.2179768,0,7.694307,37.673595,681.88793,21.666931,738.10003,23.92382,208.35245,15.525945,217.1318,16.329965,942.07804,15.153159,1074.8121,16.764654
550,1e-05,37.380974,25029.325,1284.4125,33323.239,1689.8068,13.00053,0,207.73022,2310.8559,0.67967966,0.22013331,0,8.1523285,37.949101,685.60946,21.853051,738.10003,23.92382,206.6617,15.456247,217.1318,16.329965,943.60007,15.05475,1074.8121,16.764654
551,1e-05,37.324499,24964.628,1285.0667,33243.906,1686.4982,13.011908,0,210.02483,2312.3406,0.67548955,0.21951749,0,8.0214096,37.870458,680.40291,21.647783,738.10003,23.92382,206.62504,15.433256,217.1318,16.329965,939.54583,15.091566,1074.8121,16.764654
552,1e-05,37.073148,24769.926,1275.3554,33295.363,1689.3129,12.979229,0,205.66585,2307.5085,0.67784599,0.21926266,0,7.9335814,37.846481,683.83606,21.7567,738.10003,23.92382,207.57631,15.492759,217.1318,16.329965,946.18418,15.070055,1074.8121,16.764654
553,1e-05,37.418199,25057.81,1289.5377,33348.72,1691.3064,13.043703,0,215.48849,2316.7308,0.68023348,0.21919417,0,7.9687493,37.825078,687.8885,21.898984,738.10003,23.92382,207.78757,15.506609,217.1318,16.329965,940.41885,15.05752,1074.8121,16.764654
554,1e-05,37.308463,24992.462,1284.4595,33351.462,1692.6155,13.009702,0,211.79096,2311.49,0.67882114,0.21915545,0,7.9387699,37.825667,685.91636,21.783016,738.10003,23.92382,207.34766,15.460859,217.1318,16.329965,939.26114,15.066827,1074.8121,16.764654
555,1e-05,37.433409,25184.129,1290.4636,33259.231,1687.2497,13.018455,0,211.31042,2313.2037,0.67511824,0.21849252,0,7.7986491,37.740803,680.79142,21.657083,738.10003,23.92382,207.32932,15.482857,217.1318,16.329965,944.76185,15.241914,1074.8121,16.764654
556,1e-05,37.352185,24927.78,1276.6319,33372.972,1691.5363,13.037466,0,209.81834,2317.0401,0.67862894,0.21962444,0,8.0228002,37.889549,685.23804,21.741184,738.10003,23.92382,206.90631,15.467325,217.1318,16.329965,944.55933,15.149213,1074.8121,16.764654
557,1e-05,37.393467,25066.349,1281.6585,33449.036,1696.4873,13.022462,0,211.89679,2313.783,0.68281168,0.21937881,0,7.9457338,37.864506,691.7529,21.823364,738.10003,23.92382,208.8973,15.565046,217.1318,16.329965,944.2055,15.290384,1074.8121,16.764654
558,1e-05,37.436418,25014.169,1287.6491,33268.949,1687.6631,13.044607,0,215.60711,2316.865,0.67992531,0.21863503,0,7.7859216,37.769954,688.29199,21.787694,738.10003,23.92382,209.60064,15.58793,217.1318,16.329965,951.78186,15.236112,1074.8121,16.764654
559,1e-05,37.480633,25079.21,1284.1572,33382.674,1693.0992,13.072999,0,217.15747,2321.6324,0.67384236,0.21802561,0,7.7047868,37.679802,679.71985,21.597967,738.10003,23.92382,207.98015,15.487518,217.1318,16.329965,943.65889,15.198779,1074.8121,16.764654
560,1e-05,37.437744,25013.16,1283.8746,33360.983,1690.0185,13.03672,0,214.90238,2315.6104,0.67686488,0.21829721,0,7.7896996,37.70757,681.42171,21.73204,738.10003,23.92382,208.2574,15.543043,217.1318,16.329965,950.58951,15.235596,1074.8121,16.764654
561,1e-05,37.320432,24903.968,1281.0441,33365.746,1692.7607,13.059088,0,214.27412,2319.8371,0.68289218,0.21981882,0,8.0247762,37.924389,693.12458,21.878606,738.10003,23.92382,208.70373,15.554712,217.1318,16.329965,952.57177,15.297979,1074.8121,16.764654
562,1e-05,37.22405,24749.374,1271.5377,33293.724,1687.9603,13.063015,0,213.06851,2320.858,0.68276468,0.21928393,0,7.9427739,37.848008,690.44306,21.885566,738.10003,23.92382,208.94345,15.557217,217.1318,16.329965,943.57548,15.201272,1074.8121,16.764654
563,1e-05,37.582241,25154.556,1289.3714,33284.803,1687.0626,13.070347,0,218.91505,2320.7029,0.6785076,0.21894883,0,7.90999,37.795428,684.86369,21.784934,738.10003,23.92382,207.52524,15.501745,217.1318,16.329965,951.83483,15.206423,1074.8121,16.764654
564,1e-05,37.411536,25110.958,1288.3718,33378.908,1692.8967,13.032344,0,214.08541,2315.0226,0.68503431,0.21886631,0,7.8454368,37.796855,696.14944,21.995828,738.10003,23.92382,209.75712,15.599254,217.1318,16.329965,956.17239,15.223476,1074.8121,16.764654
565,1e-05,37.477821,25114.947,1290.5709,33280.618,1687.8218,13.041248,0,210.19497,2317.6318,0.68188506,0.21918799,0,7.9616671,37.825756,687.42917,21.954141,738.10003,23.92382,208.89425,15.589767,217.1318,16.329965,953.44442,15.178607,1074.8121,16.764654
566,1e-05,37.747306,25394.181,1297.1588,33349.967,1691.0773,13.091404,0,219.35453,2324.4196,0.68113247,0.21881716,0,7.8802955,37.779047,690.49975,21.864817,738.10003,23.92382,208.75636,15.557052,217.1318,16.329965,951.92679,15.273689,1074.8121,16.764654
567,1e-05,37.225696,24863.996,1280.1198,33313.768,1690.0433,13.007522,0,208.49046,2311.9337,0.67594223,0.21778771,0,7.6948705,37.639072,682.17805,21.697061,738.10003,23.92382,207.24478,15.472224,217.1318,16.329965,940.2805,15.293771,1074.8121,16.764654
568,1e-05,37.384545,25075.844,1283.3521,33267.923,1686.3783,13.014229,0,212.10978,2312.2319,0.67717328,0.21945368,0,8.0313219,37.856333,682.32709,21.762415,738.10003,23.92382,207.10912,15.482137,217.1318,16.329965,947.64866,15.034479,1074.8121,16.764654
569,1e-05,37.232121,24877.602,1281.1036,33298.169,1686.8933,13.018041,0,211.00306,2313.2067,0.67625785,0.21872135,0,7.8469164,37.770121,683.44549,21.643816,738.10003,23.92382,207.55682,15.473008,217.1318,16.329965,942.25513,15.211881,1074.8121,16.764654
570,1e-05,37.631745,25198.879,1299.9133,33273.782,1689.4474,13.047138,0,216.35486,2317.1348,0.67933225,0.21883108,0,7.8677721,37.784763,688.67916,21.83607,738.10003,23.92382,207.75717,15.522012,217.1318,16.329965,946.98102,15.311279,1074.8121,16.764654
571,1e-05,37.501357,25175.493,1288.1999,33349.907,1691.7009,13.081349,0,217.92061,2322.9564,0.67552121,0.21856209,0,7.8482747,37.740818,680.36161,21.694337,738.10003,23.92382,207.44084,15.483147,217.1318,16.329965,940.50699,15.122288,1074.8121,16.764654
572,1e-05,37.341015,25025.396,1286.7373,33311.108,1690.6217,13.034475,0,212.87002,2315.7194,0.68285443,0.21986151,0,8.1253804,37.906541,690.45081,21.985807,738.10003,23.92382,208.40676,15.560256,217.1318,16.329965,952.14584,15.128014,1074.8121,16.764654
573,1e-05,37.219406,24895.662,1283.1789,33260.145,1687.4989,13.000286,0,207.48306,2310.8745,0.68034151,0.21916232,0,7.9425085,37.825965,687.62886,21.842926,738.10003,23.92382,207.96399,15.503465,217.1318,16.329965,936.5631,15.099092,1074.8121,16.764654
574,1e-05,37.450818,25103.585,1284.6104,33330.541,1692.3686,13.059853,0,216.61561,2319.3801,0.67411534,0.21875384,0,7.9144849,37.758829,677.8208,21.662498,738.10003,23.92382,206.87877,15.465592,217.1318,16.329965,942.42555,15.171478,1074.8121,16.764654
575,1e-05,37.285044,24930.274,1285.6316,33380.094,1693.7094,13.02525,0,210.63916,2314.6101,0.6792301,0.21924084,0,7.9513276,37.837998,686.04505,21.757307,738.10003,23.92382,207.64895,15.489526,217.1318,16.329965,945.28694,15.122685,1074.8121,16.764654
576,1e-05,37.279939,24953.077,1282.6985,33309.747,1690.3341,12.997679,0,207.96858,2310.277,0.6793293,0.21954177,0,8.0016069,37.879914,684.14577,21.790826,738.10003,23.92382,208.48205,15.54778,217.1318,16.329965,953.79371,15.151746,1074.8121,16.764654
577,1e-05,37.348485,24985.977,1288.5778,33334.875,1692.5115,13.056956,0,211.47873,2320.161,0.67731789,0.21953728,0,8.0409187,37.869089,682.35571,21.717379,738.10003,23.92382,206.92065,15.470857,217.1318,16.329965,940.94328,15.111418,1074.8121,16.764654
578,1e-05,37.479386,25155.518,1286.0481,33195.486,1685.5345,13.052595,0,213.06958,2318.9631,0.67616043,0.21860612,0,7.8595156,37.745964,681.127,21.66121,738.10003,23.92382,207.19608,15.490703,217.1318,16.329965,946.18044,15.282039,1074.8121,16.764654
579,1e-05,37.368004,25007.748,1285.2993,33319.43,1688.3287,13.046299,0,215.72914,2317.1416,0.67904175,0.21940808,0,7.9942178,37.857486,685.02606,21.755093,738.10003,23.92382,207.51389,15.505653,217.1318,16.329965,950.49576,15.263585,1074.8121,16.764654
580,1e-05,37.252565,24947.888,1280.5561,33377.028,1693.5534,13.020971,0,208.82366,2314.2941,0.67988904,0.21843078,0,7.8051265,37.727927,685.89751,21.799422,738.10003,23.92382,208.98739,15.581056,217.1318,16.329965,945.66875,15.305662,1074.8121,16.764654
581,1e-05,37.425623,25101.25,1283.3561,33172.882,1685.8553,12.997109,0,207.57917,2310.2724,0.68185482,0.21915623,0,7.8991664,37.83589,689.71366,21.818046,738.10003,23.92382,208.51582,15.539283,217.1318,16.329965,948.40778,15.157817,1074.8121,16.764654
582,1e-05,37.464231,25081.939,1289.4153,33353.206,1690.664,13.048459,0,214.8992,2317.7454,0.6764103,0.21854785,0,7.8042964,37.749424,683.1328,21.678577,738.10003,23.92382,206.95645,15.448021,217.1318,16.329965,941.16864,15.125863,1074.8121,16.764654
583,1e-05,37.233999,24904.721,1280.0566,33359.134,1693.8024,13.002261,0,208.10498,2311.0753,0.67959182,0.21897901,0,7.8987171,37.803782,687.0145,21.817733,738.10003,23.92382,207.69762,15.522735,217.1318,16.329965,951.371,15.174887,1074.8121,16.764654
584,1e-05,37.669242,25234.421,1295.6826,33292.464,1689.2569,13.093197,0,221.85478,2324.1091,0.67972195,0.21934367,0,7.9761937,37.850364,686.94446,21.793975,738.10003,23.92382,208.30951,15.533334,217.1318,16.329965,950.77837,15.116907,1074.8121,16.764654
585,1e-05,37.174257,24797.633,1288.6277,33290.56,1689.2085,12.982266,0,206.3128,2307.8959,0.68111667,0.21931219,0,7.9794711,37.843805,688.26904,21.860743,738.10003,23.92382,208.18517,15.544885,217.1318,16.329965,947.65949,15.168742,1074.8121,16.764654
586,1e-05,37.265294,24878.524,1279.4402,33338.97,1689.8587,13.029033,0,210.22375,2315.4036,0.67781671,0.21927172,0,8.020083,37.82611,683.7713,21.797915,738.10003,23.92382,206.66488,15.462076,217.1318,16.329965,938.50343,15.021366,1074.8121,16.764654
587,1e-05,37.256883,24881.197,1273.0776,33374.665,1690.5858,13.03567,0,210.52586,2316.5335,0.68096825,0.21868147,0,7.8482901,37.762521,687.81544,21.849649,738.10003,23.92382,209.02574,15.593657,217.1318,16.329965,952.61028,15.283268,1074.8121,16.764654
588,1e-05,37.263399,24964.351,1281.9573,33269.026,1685.9518,13.043928,0,214.10272,2317.1245,0.67632838,0.21840285,0,7.8006517,37.72399,681.88909,21.670099,738.10003,23.92382,207.42074,15.492726,217.1318,16.329965,942.64863,15.197519,1074.8121,16.764654
589,1e-05,37.610052,25232.664,1291.9687,33403.878,1693.0963,13.08446,0,219.04445,2323.236,0.67888119,0.21932628,0,7.9629791,37.850566,684.76628,21.747594,738.10003,23.92382,208.63161,15.558579,217.1318,16.329965,948.33749,15.125004,1074.8121,16.764654
590,1e-05,37.351984,25000.826,1284.0599,33234.82,1685.9194,13.03379,0,213.52766,2315.4276,0.67708707,0.21856128,0,7.818669,37.748208,684.17675,21.659448,738.10003,23.92382,207.44378,15.467556,217.1318,16.329965,936.69557,15.153223,1074.8121,16.764654
591,1e-05,37.071329,24805.948,1273.7796,33283.164,1689.0479,12.945836,0,201.28015,2302.5534,0.67762219,0.21859157,0,7.8171533,37.7541,682.04363,21.724549,738.10003,23.92382,207.68925,15.514063,217.1318,16.329965,946.56678,15.154513,1074.8121,16.764654
592,1e-05,37.178905,24828.429,1272.5673,33353.063,1690.7471,12.999972,0,207.11376,2310.9115,0.68326633,0.21935388,0,7.9641593,37.855284,690.81702,21.944345,738.10003,23.92382,209.13538,15.586983,217.1318,16.329965,945.00721,15.122544,1074.8121,16.764654
593,1e-05,37.265112,24851.64,1280.173,33349.614,1691.7654,13.051174,0,212.13821,2318.942,0.67442791,0.2183691,0,7.799327,37.71819,678.59978,21.622447,738.10003,23.92382,207.27219,15.486949,217.1318,16.329965,942.85332,15.153115,1074.8121,16.764654
594,1e-05,37.499721,25171.837,1289.2857,33315.115,1689.4114,13.051303,0,211.35523,2319.1647,0.68082477,0.21894876,0,7.9123402,37.794815,687.51054,21.789485,738.10003,23.92382,209.0772,15.582983,217.1318,16.329965,944.90216,15.255628,1074.8121,16.764654
595,1e-05,37.441108,25025.488,1283.8241,33196.444,1686.3167,13.067721,0,215.20472,2321.1699,0.68161862,0.21888677,0,7.9062771,37.785088,687.82833,21.933995,738.10003,23.92382,208.28736,15.572863,217.1318,16.329965,950.23883,15.24399,1074.8121,16.764654
596,1e-05,37.311555,24946.127,1280.5648,33243.209,1686.6632,13.010199,0,209.79164,2312.0892,0.67745969,0.21934229,0,8.0351822,37.835098,682.24478,21.727845,738.10003,23.92382,207.18572,15.492941,217.1318,16.329965,944.50714,15.174283,1074.8121,16.764654
597,1e-05,37.41517,24991.275,1290.6431,33261.743,1689.8242,13.037826,0,216.19084,2315.4834,0.67846238,0.21873131,0,7.8732018,37.765242,684.12257,21.737077,738.10003,23.92382,207.30148,15.49418,217.1318,16.329965,940.46376,15.165824,1074.8121,16.764654
598,1e-05,37.425288,25076.521,1281.7866,33340.823,1690.9404,13.065307,0,215.6452,2320.6188,0.6770083,0.21860224,0,7.8551271,37.746374,683.62516,21.718968,738.10003,23.92382,207.5285,15.495976,217.1318,16.329965,941.18764,15.112383,1074.8121,16.764654
599,1e-05,37.319305,24918.881,1274.8353,33186.066,1682.1894,13.031557,0,209.11459,2316.1449,0.68199641,0.21815624,0,7.7399929,37.694591,692.16289,21.951777,738.10003,23.92382,208.81001,15.571456,217.1318,16.329965,948.57565,15.251607,1074.8121,16.764654
600,1e-05,37.406173,25039.367,1283.3671,33390.25,1693.8156,13.075153,0,217.35767,2321.9731,0.67595157,0.218661,0,7.870123,37.753242,680.80566,21.732345,738.10003,23.92382,206.62938,15.45665,217.1318,16.329965,938.74201,15.126685,1074.8121,16.764654
601,1e-05,37.388801,24966.465,1283.6894,33203.944,1686.1146,13.017888,0,209.75312,2313.4971,0.67929388,0.21824597,0,7.7553314,37.707003,686.65566,21.781244,738.10003,23.92382,209.59968,15.616697,217.1318,16.329965,948.23743,15.354317,1074.8121,16.764654
602,1e-05,37.293407,24944.131,1277.2793,33330.073,1689.5492,13.056971,0,214.49213,2319.3967,0.67751086,0.21936235,0,7.9921413,37.849701,683.21917,21.702049,738.10003,23.92382,207.68318,15.501203,217.1318,16.329965,944.2124,15.100786,1074.8121,16.764654
603,1e-05,37.507082,25143.443,1291.3693,33320.136,1690.276,13.006621,0,212.26483,2310.8091,0.67964861,0.21975434,0,8.0647354,37.902494,685.90319,21.780887,738.10003,23.92382,207.47531,15.502708,217.1318,16.329965,941.74794,15.119462,1074.8121,16.764654
604,1e-05,37.423842,24998.61,1280.7418,33340.272,1691.8973,13.07086,0,214.79419,2321.8451,0.68232051,0.21957121,0,8.0300787,37.878019,689.6094,21.890135,738.10003,23.92382,208.66334,15.564405,217.1318,16.329965,945.3186,15.201838,1074.8121,16.764654
605,1e-05,37.387899,25046.704,1278.531,33243.738,1686.192,13.037361,0,212.22393,2316.4086,0.67982137,0.21811249,0,7.7658709,37.680049,686.22495,21.853642,738.10003,23.92382,208.63688,15.579848,217.1318,16.329965,946.25615,15.251395,1074.8121,16.764654
606,1e-05,37.324345,25065.787,1283.8124,33268.659,1687.2775,13.013111,0,209.34483,2312.7324,0.68538376,0.21906521,0,7.8869826,37.822442,694.632,22.033583,738.10003,23.92382,210.81822,15.661768,217.1318,16.329965,946.14006,15.165693,1074.8121,16.764654
607,1e-05,37.445632,25101.764,1293.1213,33252.143,1687.0778,13.034283,0,213.4735,2315.5309,0.68040496,0.21927253,0,7.9446499,37.845458,689.44039,21.860147,738.10003,23.92382,208.22015,15.531523,217.1318,16.329965,952.15656,15.154012,1074.8121,16.764654
608,1e-05,37.101207,24716.415,1274.5426,33253.905,1688.8039,13.009994,0,206.65101,2312.8513,0.6801834,0.21830018,0,7.7464546,37.719118,687.17839,21.792529,738.10003,23.92382,209.87987,15.612851,217.1318,16.329965,946.35653,15.212418,1074.8121,16.764654
609,1e-05,37.12992,24735.543,1268.4907,33222.881,1683.3767,13.007261,0,207.34405,2312.178,0.68206391,0.2189494,0,7.8988514,37.798365,690.06998,21.872585,738.10003,23.92382,209.35557,15.61122,217.1318,16.329965,951.54261,15.282814,1074.8121,16.764654
610,1e-05,37.427891,25070.424,1286.8652,33251.539,1685.6911,13.061624,0,216.21743,2319.8036,0.67554936,0.21915874,0,7.9794696,37.815905,680.35084,21.693105,738.10003,23.92382,206.74723,15.454936,217.1318,16.329965,937.88456,15.119047,1074.8121,16.764654
611,1e-05,37.360841,25000.147,1283.8888,33283.1,1688.4562,13.01165,0,210.4781,2312.1783,0.68059422,0.21930808,0,7.988594,37.840737,687.47339,21.857438,738.10003,23.92382,207.97016,15.515236,217.1318,16.329965,935.9379,15.15518,1074.8121,16.764654
612,1e-05,37.441466,25150.527,1284.6921,33422.083,1692.5243,13.04147,0,216.57775,2316.0474,0.67506899,0.21880286,0,7.8989995,37.771684,680.88685,21.619738,738.10003,23.92382,206.69157,15.436454,217.1318,16.329965,929.77608,15.142227,1074.8121,16.764654
613,1e-05,37.381311,25095.285,1287.9769,33369.482,1693.7932,13.023584,0,207.7067,2315.0536,0.67727284,0.21943449,0,8.0224065,37.855114,682.33927,21.724805,738.10003,23.92382,207.22169,15.492522,217.1318,16.329965,942.04143,15.115733,1074.8121,16.764654
614,1e-05,37.112416,24809.64,1276.2939,33288.493,1688.1823,12.974608,0,205.1265,2306.8057,0.67876327,0.21873289,0,7.8585459,37.76926,684.76197,21.775356,738.10003,23.92382,209.05892,15.576326,217.1318,16.329965,944.36175,15.244992,1074.8121,16.764654
615,1e-05,37.298124,24890.676,1281.3685,33289.774,1687.8428,13.023276,0,211.13053,2314.1261,0.68285958,0.2193554,0,7.9721801,37.853519,691.84613,21.941041,738.10003,23.92382,208.94449,15.582828,217.1318,16.329965,951.4441,15.205012,1074.8121,16.764654
616,1e-05,37.321671,24922.991,1280.1052,33345.933,1689.9198,13.009397,0,209.30538,2312.0671,0.67704929,0.21864759,0,7.9016165,37.742787,683.78451,21.78406,738.10003,23.92382,207.13584,15.482847,217.1318,16.329965,940.56034,15.176964,1074.8121,16.764654
617,1e-05,37.528603,25062.173,1281.313,33346.997,1692.948,13.119929,0,225.65346,2328.0026,0.67833633,0.21889652,0,7.9385506,37.778646,684.72749,21.789779,738.10003,23.92382,207.65832,15.51581,217.1318,16.329965,938.63081,15.186701,1074.8121,16.764654
618,1e-05,37.553521,25170.991,1297.1136,33316.873,1691.4012,13.037567,0,214.80255,2315.7897,0.68214912,0.21719401,0,7.5515787,37.567599,690.4673,21.877505,738.10003,23.92382,209.67653,15.663254,217.1318,16.329965,957.15201,15.587805,1074.8121,16.764654
619,1e-05,37.379398,24979.613,1285.2209,33330.314,1691.448,13.03992,0,213.43078,2316.5667,0.67600428,0.21799487,0,7.7255107,37.668937,681.15252,21.716071,738.10003,23.92382,208.49043,15.560204,217.1318,16.329965,946.15195,15.288782,1074.8121,16.764654
620,1e-05,37.38503,25010.717,1284.4426,33313.42,1690.6485,13.067826,0,218.67703,2320.3051,0.68051154,0.21961774,0,8.0133007,37.89075,687.90478,21.857033,738.10003,23.92382,208.217,15.558074,217.1318,16.329965,955.24787,15.187133,1074.8121,16.764654
621,1e-05,37.278625,24942.244,1279.5467,33242.554,1688.1626,12.98986,0,205.46406,2309.4927,0.68015461,0.21892448,0,7.8826799,37.79795,684.40426,21.920026,738.10003,23.92382,208.97029,15.6225,217.1318,16.329965,955.68837,15.132171,1074.8121,16.764654
622,1e-05,37.285365,24995.123,1284.3056,33312.177,1689.7197,13.001555,0,208.64439,2310.8097,0.67990978,0.21868747,0,7.8281157,37.768748,686.33349,21.854537,738.10003,23.92382,209.26017,15.589453,217.1318,16.329965,950.21873,15.111595,1074.8121,16.764654
623,1e-05,37.382685,25002.64,1280.8542,33157.592,1682.5001,13.015324,0,211.20631,2312.6609,0.67952045,0.21879328,0,7.8616187,37.779457,686.25427,21.86656,738.10003,23.92382,208.44423,15.550203,217.1318,16.329965,949.72122,15.16153,1074.8121,16.764654
624,1e-05,37.180286,24801.741,1272.5446,33351.898,1691.0799,13.017675,0,209.46276,2313.5322,0.68123328,0.21933657,0,7.975986,37.849126,689.402,21.865263,738.10003,23.92382,208.89687,15.574996,217.1318,16.329965,953.50772,15.144252,1074.8121,16.764654
625,1e-05,37.314437,24882.874,1277.8503,33401.681,1693.6629,13.034425,0,211.01673,2316.1822,0.67321358,0.21921432,0,8.0108506,37.818024,676.35443,21.619407,738.10003,23.92382,205.83804,15.420388,217.1318,16.329965,940.99064,15.164466,1074.8121,16.764654
626,1e-05,37.342406,24943.157,1279.9948,33346.146,1692.6465,13.042476,0,211.07701,2317.6306,0.67849129,0.21833981,0,7.7914504,37.714869,685.3116,21.760906,738.10003,23.92382,208.55561,15.554564,217.1318,16.329965,940.06887,15.232601,1074.8121,16.764654
627,1e-05,37.210849,24851.569,1280.5397,33346.109,1690.3523,13.006972,0,209.49938,2311.5769,0.67764567,0.21830356,0,7.8046117,37.704929,683.8773,21.767327,738.10003,23.92382,207.54078,15.508391,217.1318,16.329965,940.81388,15.151994,1074.8121,16.764654
628,1e-05,37.637017,25211.8,1294.1789,33389.532,1691.9454,13.093738,0,218.08925,2325.166,0.67837083,0.21916596,0,7.987027,37.815296,684.72998,21.820598,738.10003,23.92382,208.17406,15.557746,217.1318,16.329965,950.71004,15.080885,1074.8121,16.764654
629,1e-05,37.479854,25116.141,1291.4931,33333.553,1692.0126,13.010748,0,211.47934,2311.7594,0.68048157,0.21888456,0,7.8661534,37.794899,686.40585,21.782476,738.10003,23.92382,208.78207,15.568435,217.1318,16.329965,949.46493,15.226058,1074.8121,16.764654
630,1e-05,37.625036,25189.495,1290.64,33320.114,1690.288,13.06845,0,215.06699,2321.3375,0.67991283,0.21874974,0,7.8463119,37.775438,686.92241,21.762923,738.10003,23.92382,208.45243,15.5447,217.1318,16.329965,944.63613,15.258388,1074.8121,16.764654
631,1e-05,37.325177,24984.959,1283.8645,33343.531,1691.7723,13.024411,0,213.05863,2313.8416,0.68002155,0.21824011,0,7.728234,37.712835,688.8401,21.768604,738.10003,23.92382,208.04206,15.524604,217.1318,16.329965,945.4112,15.36602,1074.8121,16.764654
632,1e-05,37.307841,24946.979,1277.7546,33333.621,1690.4393,13.019964,0,210.45685,2313.6953,0.68140823,0.21564686,0,7.3002985,37.350262,686.90034,21.787468,738.10003,23.92382,209.21178,15.627033,217.1318,16.329965,934.37429,15.564394,1074.8121,16.764654
633,1e-05,37.226842,24894.019,1281.0332,33317.413,1689.4998,13.019832,0,212.28907,2313.2051,0.67607044,0.21895519,0,7.9425087,37.788305,681.46793,21.695396,738.10003,23.92382,206.61941,15.45566,217.1318,16.329965,937.07578,15.170476,1074.8121,16.764654
634,1e-05,37.402573,25026.153,1281.4684,33390.382,1693.8346,13.074935,0,218.89354,2321.5425,0.67737777,0.21834224,0,7.8237844,37.70708,682.39798,21.787258,738.10003,23.92382,207.74883,15.535794,217.1318,16.329965,948.17795,15.237949,1074.8121,16.764654
635,1e-05,37.512151,25101.829,1290.1232,33359.02,1690.9445,13.084437,0,219.25813,2323.1774,0.68064559,0.21821174,0,7.7546364,37.700956,688.82653,21.897663,738.10003,23.92382,209.44305,15.606358,217.1318,16.329965,956.99305,15.19426,1074.8121,16.764654
636,1e-05,37.2236,24832.69,1278.7071,33363.653,1693.0002,13.021943,0,209.90131,2314.1966,0.67736469,0.2180306,0,7.6572754,37.692802,684.34856,21.69975,738.10003,23.92382,209.18433,15.556351,217.1318,16.329965,943.71164,15.183735,1074.8121,16.764654
637,1e-05,37.407856,25050.944,1286.1462,33332.702,1690.4088,13.013722,0,211.07486,2312.4031,0.67496826,0.21888527,0,7.9026128,37.785748,680.08193,21.668721,738.10003,23.92382,206.80829,15.47314,217.1318,16.329965,947.83317,15.312652,1074.8121,16.764654
638,1e-05,37.449247,25011.555,1283.9688,33287.953,1687.3627,13.055912,0,213.83026,2319.3726,0.67573327,0.21810674,0,7.7388456,37.685884,681.2473,21.708262,738.10003,23.92382,208.0567,15.518905,217.1318,16.329965,943.8243,15.122243,1074.8121,16.764654
639,1e-05,37.319747,24939.518,1279.0646,33295.23,1686.7496,13.028613,0,209.23482,2315.579,0.67457928,0.21758664,0,7.6541575,37.612876,680.79391,21.66107,738.10003,23.92382,206.33901,15.448191,217.1318,16.329965,940.69862,15.271842,1074.8121,16.764654
640,1e-05,37.448392,25092.739,1282.288,33209.189,1685.4027,13.028121,0,214.00086,2314.2763,0.67998625,0.21884055,0,7.835398,37.794726,688.97229,21.795142,738.10003,23.92382,208.59657,15.520853,217.1318,16.329965,937.80011,15.109182,1074.8121,16.764654
641,1e-05,37.33503,24985.594,1280.8979,33235.665,1687.5005,13.03776,0,212.81389,2316.331,0.68128925,0.21940727,0,7.9485076,37.868974,687.92274,21.830609,738.10003,23.92382,208.60233,15.549472,217.1318,16.329965,945.5816,15.118378,1074.8121,16.764654
642,1e-05,37.208244,24861.469,1277.3737,33289.45,1689.43,13.024817,0,208.23318,2315.1438,0.6838488,0.22001227,0,8.0635561,37.949689,691.88081,22.004072,738.10003,23.92382,208.82312,15.567742,217.1318,16.329965,953.28231,15.054403,1074.8121,16.764654
643,1e-05,37.309805,24955.132,1283.5699,33282.588,1688.2059,13.019291,0,209.83844,2313.7304,0.6826407,0.21865045,0,7.8207128,37.763901,693.23148,21.952573,738.10003,23.92382,208.91767,15.560874,217.1318,16.329965,945.94854,15.159481,1074.8121,16.764654
644,1e-05,37.398711,25033.799,1287.5744,33270.32,1689.9213,13.042006,0,212.37265,2317.2154,0.67900567,0.21938939,0,7.9844268,37.856579,684.94397,21.768333,738.10003,23.92382,207.69088,15.504736,217.1318,16.329965,944.36494,15.204038,1074.8121,16.764654
645,1e-05,37.413342,25079.963,1287.5002,33340.299,1692.7527,13.025178,0,211.08157,2314.4844,0.67572712,0.21832876,0,7.7590581,37.721106,682.38677,21.696168,738.10003,23.92382,207.88821,15.507762,217.1318,16.329965,943.25039,15.13135,1074.8121,16.764654
646,1e-05,37.24361,24973.752,1278.0314,33352.506,1689.6342,13.003883,0,207.19358,2311.6022,0.68255941,0.21856825,0,7.7719159,37.761377,691.97875,21.939116,738.10003,23.92382,210.36247,15.6765,217.1318,16.329965,961.297,15.254221,1074.8121,16.764654
647,1e-05,37.561011,25096.269,1295.4522,33230.964,1686.8676,13.091059,0,219.43984,2324.3351,0.67470322,0.21865665,0,7.8594359,37.755171,678.55536,21.646666,738.10003,23.92382,206.2842,15.446454,217.1318,16.329965,942.78312,15.137636,1074.8121,16.764654
648,1e-05,37.521559,25112.75,1292.9228,33345.979,1694.1328,13.055355,0,217.66265,2318.2958,0.67798631,0.21744538,0,7.622603,37.595225,684.40458,21.763324,738.10003,23.92382,208.75897,15.58114,217.1318,16.329965,942.77972,15.27935,1074.8121,16.764654
649,1e-05,37.324002,24905.718,1284.9003,33298.17,1688.7815,13.047903,0,215.59707,2317.4667,0.6794395,0.2193128,0,7.9774091,37.844441,686.07844,21.801298,738.10003,23.92382,207.50187,15.493274,217.1318,16.329965,939.8647,15.147095,1074.8121,16.764654
650,1e-05,37.325512,25015.009,1282.7207,33208.556,1685.3823,13.010393,0,206.53757,2312.9528,0.68373566,0.21901373,0,7.9140932,37.806181,692.1513,21.974435,738.10003,23.92382,208.57286,15.570457,217.1318,16.329965,949.82704,15.208169,1074.8121,16.764654
651,1e-05,37.124701,24835.249,1275.7462,33208.159,1686.1873,12.967973,0,202.26407,2306.3278,0.67860192,0.21913738,0,7.9256893,37.825712,685.13556,21.74355,738.10003,23.92382,207.39102,15.478207,217.1318,16.329965,938.29726,15.086029,1074.8121,16.764654
652,1e-05,37.671543,25281.974,1295.5046,33405.889,1694.1823,13.088005,0,216.95932,2324.4114,0.68330515,0.21926639,0,7.8940865,37.857212,690.53435,21.940564,738.10003,23.92382,210.22148,15.648286,217.1318,16.329965,949.71368,15.116546,1074.8121,16.764654
653,1e-05,37.484458,25142.666,1295.2025,33261.742,1685.1161,13.019507,0,211.40978,2313.3697,0.67727187,0.21874701,0,7.8568774,37.772252,683.46455,21.692273,738.10003,23.92382,207.60669,15.489911,217.1318,16.329965,938.8114,15.199651,1074.8121,16.764654
654,1e-05,37.391864,25002.72,1288.298,33333.613,1689.0848,13.042385,0,213.88787,2316.8986,0.67550372,0.21886407,0,7.8871958,37.785818,680.99113,21.651576,738.10003,23.92382,206.83708,15.445505,217.1318,16.329965,938.17795,15.099398,1074.8121,16.764654
655,1e-05,37.243261,24874.604,1274.709,33289.129,1690.131,13.017267,0,209.4388,2313.4641,0.67922646,0.21890141,0,7.9032216,37.788528,685.19404,21.780963,738.10003,23.92382,207.9319,15.535558,217.1318,16.329965,944.45381,15.319,1074.8121,16.764654
656,1e-05,37.2954,24905.58,1279.1154,33334.407,1690.3696,13.040306,0,211.15951,2317.2151,0.67805311,0.21851477,0,7.8353214,37.735513,685.08863,21.791822,738.10003,23.92382,207.55787,15.510594,217.1318,16.329965,942.4656,15.219537,1074.8121,16.764654
657,1e-05,37.383078,24940.966,1285.2857,33262.644,1687.5531,13.049239,0,214.30797,2318.0378,0.68222315,0.21958071,0,8.0208821,37.882087,690.09294,21.836611,738.10003,23.92382,208.19953,15.51339,217.1318,16.329965,935.71527,15.216167,1074.8121,16.764654
658,1e-05,37.459417,25058.308,1288.4227,33399.487,1694.2254,13.063562,0,215.91392,2320.2332,0.67782052,0.21818784,0,7.7648485,37.694011,684.65922,21.726065,738.10003,23.92382,208.07406,15.520992,217.1318,16.329965,946.27748,15.351498,1074.8121,16.764654
659,1e-05,37.432679,25061.28,1287.4852,33181.556,1684.1491,13.032206,0,214.9319,2314.7821,0.6757065,0.2189926,0,7.9217657,37.800387,681.42393,21.687915,738.10003,23.92382,207.09473,15.467654,217.1318,16.329965,944.64154,15.185131,1074.8121,16.764654
660,1e-05,37.295509,24937.001,1275.9822,33270.584,1687.8907,13.004509,0,207.66486,2311.5961,0.67517047,0.21849352,0,7.8131499,37.737293,681.14553,21.672325,738.10003,23.92382,207.02338,15.470809,217.1318,16.329965,938.7801,15.070584,1074.8121,16.764654
661,1e-05,37.282389,24950.537,1289.7201,33313.748,1690.9617,13.021755,0,211.71224,2313.7014,0.6769567,0.21955018,0,8.0182475,37.877207,681.698,21.741092,738.10003,23.92382,206.83836,15.463472,217.1318,16.329965,937.19393,15.151194,1074.8121,16.764654
662,1e-05,37.410424,25113.283,1292.2142,33229.558,1687.1533,13.015537,0,212.9166,2312.2643,0.68380697,0.21887017,0,7.8452093,37.797615,692.50745,21.888355,738.10003,23.92382,209.31835,15.589295,217.1318,16.329965,942.49945,15.231486,1074.8121,16.764654
663,1e-05,37.177932,24814.803,1282.6924,33368.621,1691.3173,13.056198,0,213.5344,2319.4999,0.68100165,0.21872213,0,7.862762,37.76623,687.97307,21.842304,738.10003,23.92382,208.49862,15.548614,217.1318,16.329965,939.96771,15.212293,1074.8121,16.764654
664,1e-05,37.358222,24996.582,1286.7665,33279.354,1688.7031,13.061267,0,217.90069,2319.3101,0.67895701,0.21858071,0,7.793461,37.758157,685.57813,21.764028,738.10003,23.92382,208.30791,15.525285,217.1318,16.329965,940.70172,15.170073,1074.8121,16.764654
665,1e-05,37.430598,25039.964,1283.4214,33247.175,1687.1545,13.043763,0,212.38154,2317.5325,0.6795999,0.21860029,0,7.829055,37.752657,687.15311,21.795117,738.10003,23.92382,208.75337,15.550578,217.1318,16.329965,944.30013,15.146919,1074.8121,16.764654
666,1e-05,37.310408,24962.118,1287.604,33339.433,1692.1322,12.991354,0,205.56473,2309.7387,0.67633921,0.21915411,0,8.004027,37.808813,679.94482,21.810181,738.10003,23.92382,206.55351,15.494188,217.1318,16.329965,943.63653,15.122015,1074.8121,16.764654
667,1e-05,37.350725,24976.18,1279.6854,33269.638,1687.484,13.046268,0,213.30715,2317.7524,0.68024362,0.21874327,0,7.8532679,37.77249,688.023,21.868438,738.10003,23.92382,208.67353,15.556474,217.1318,16.329965,942.22177,15.036168,1074.8121,16.764654
668,1e-05,37.50092,25185.287,1290.9375,33322.823,1690.0669,13.042396,0,213.13352,2317.0925,0.68225295,0.21869495,0,7.8193587,37.772336,690.19969,21.894817,738.10003,23.92382,209.92323,15.645741,217.1318,16.329965,954.508,15.207425,1074.8121,16.764654
669,1e-05,37.30168,24944.957,1285.2228,33379.51,1692.3812,13.015131,0,208.17971,2313.3962,0.67710518,0.21868672,0,7.8471433,37.763767,683.52232,21.742181,738.10003,23.92382,207.66929,15.508979,217.1318,16.329965,936.2539,15.202036,1074.8121,16.764654
670,1e-05,37.218935,24889.486,1284.3872,33317.239,1688.8088,13.029268,0,214.09172,2314.4618,0.68605779,0.21964849,0,8.0278251,37.892644,695.23654,22.008647,738.10003,23.92382,209.24917,15.61097,217.1318,16.329965,950.59961,15.213023,1074.8121,16.764654
671,1e-05,37.256397,24920.422,1282.7581,33303.332,1692.3173,13.005904,0,210.17508,2311.2108,0.67750317,0.21888965,0,7.8722965,37.79426,683.03984,21.690021,738.10003,23.92382,207.6001,15.502848,217.1318,16.329965,938.5491,15.205575,1074.8121,16.764654
672,1e-05,37.222813,24885.703,1276.1619,33248.695,1686.557,13.023835,0,208.14586,2314.9874,0.67999931,0.21907727,0,7.910409,37.818674,685.97554,21.821416,738.10003,23.92382,207.76076,15.533255,217.1318,16.329965,943.63052,15.167173,1074.8121,16.764654
673,1e-05,37.483999,25068.225,1293.2816,33361.476,1691.7885,13.063006,0,218.42474,2319.4931,0.68014264,0.21897827,0,7.9376274,37.793744,685.30381,21.924845,738.10003,23.92382,207.52698,15.562615,217.1318,16.329965,946.72213,15.152629,1074.8121,16.764654
674,1e-05,37.253971,24865.129,1283.4737,33217.661,1686.9113,13.029774,0,215.12716,2314.2903,0.68142957,0.21732119,0,7.5651579,37.587269,689.8401,21.772923,738.10003,23.92382,209.39244,15.596217,217.1318,16.329965,935.46496,15.331335,1074.8121,16.764654
675,1e-05,37.314747,25041.295,1287.0154,33273.895,1688.8754,13.001418,0,209.96137,2310.4495,0.68547029,0.21951475,0,7.9583272,37.886018,693.05519,21.925616,738.10003,23.92382,209.41574,15.614854,217.1318,16.329965,950.13248,15.293467,1074.8121,16.764654
676,1e-05,37.400467,25032.938,1286.0001,33346.28,1690.9663,13.017958,0,211.30262,2313.1154,0.68055844,0.21959756,0,8.0461898,37.878709,685.54445,21.890456,738.10003,23.92382,207.99161,15.553597,217.1318,16.329965,945.68671,15.100262,1074.8121,16.764654
677,1e-05,37.284203,24948.801,1283.1052,33207.369,1686.3052,12.988675,0,213.36683,2307.2657,0.68398915,0.21947763,0,7.9561855,37.879814,691.97537,22.006106,738.10003,23.92382,209.42064,15.616524,217.1318,16.329965,956.69159,15.117169,1074.8121,16.764654
678,1e-05,37.153208,24789.512,1277.6029,33285.564,1685.8873,13.003802,0,208.3881,2311.2834,0.67969958,0.21900688,0,7.8766056,37.814479,687.51991,21.778931,738.10003,23.92382,208.38439,15.527467,217.1318,16.329965,937.73484,15.128897,1074.8121,16.764654
679,1e-05,37.406941,25084.393,1288.0317,33302.339,1689.9037,13.029682,0,210.50395,2315.4503,0.67491991,0.21978314,0,8.0868944,37.902089,679.96536,21.684885,738.10003,23.92382,206.17342,15.439075,217.1318,16.329965,938.95229,15.053246,1074.8121,16.764654
680,1e-05,37.437258,25025.206,1280.3418,33302.613,1688.5618,13.078213,0,218.84546,2322.1508,0.6771062,0.21973652,0,8.0607366,37.900271,683.46358,21.74604,738.10003,23.92382,205.85267,15.425979,217.1318,16.329965,938.46363,15.086312,1074.8121,16.764654
681,1e-05,37.320411,24987.997,1283.3823,33278.438,1687.0184,13.018847,0,209.08016,2313.8427,0.67663711,0.21857065,0,7.8393021,37.744659,683.50084,21.714092,738.10003,23.92382,207.40136,15.495945,217.1318,16.329965,940.71296,15.147067,1074.8121,16.764654
682,1e-05,37.418398,25079.727,1285.3076,33250.542,1686.0925,13.021667,0,211.78343,2313.6673,0.67769003,0.21545949,0,7.2620205,37.325939,684.02557,21.70497,738.10003,23.92382,208.17651,15.515355,217.1318,16.329965,931.36452,15.500783,1074.8121,16.764654
683,1e-05,37.618998,25235.184,1293.3974,33334.931,1690.4585,13.045371,0,216.61832,2316.7464,0.67591298,0.21824186,0,7.7526439,37.706938,681.78344,21.718316,738.10003,23.92382,207.7348,15.515827,217.1318,16.329965,942.71032,15.164582,1074.8121,16.764654
684,1e-05,37.266035,24953.05,1282.1526,33316.34,1690.5785,12.981778,0,207.78194,2307.4333,0.68007012,0.21818594,0,7.7076225,37.708232,687.00323,21.881008,738.10003,23.92382,208.74773,15.579853,217.1318,16.329965,949.07922,15.155435,1074.8121,16.764654
685,1e-05,37.300065,24988.539,1282.5278,33324.499,1688.4486,13.03329,0,210.56738,2316.0901,0.67447262,0.21865304,0,7.8880979,37.747219,678.88498,21.666076,738.10003,23.92382,206.49154,15.459073,217.1318,16.329965,933.85128,15.131523,1074.8121,16.764654
686,1e-05,37.349184,24880.023,1287.4769,33222.828,1685.9711,13.050052,0,214.31017,2318.1851,0.67346341,0.21815909,0,7.7406029,37.694954,679.33165,21.635903,738.10003,23.92382,205.78812,15.410476,217.1318,16.329965,937.46413,15.270671,1074.8121,16.764654
687,1e-05,37.347913,24997.443,1284.7227,33331.556,1692.8009,13.038367,0,212.57391,2316.5025,0.68330688,0.21847557,0,7.7661322,37.745997,693.37116,21.975415,738.10003,23.92382,209.94345,15.67308,217.1318,16.329965,955.20983,15.482379,1074.8121,16.764654
688,1e-05,37.46416,25007.622,1283.1436,33191.55,1683.8174,13.099715,0,219.84718,2325.8053,0.67866779,0.21935092,0,7.9937519,37.847214,684.67579,21.841245,738.10003,23.92382,207.89845,15.539211,217.1318,16.329965,936.52104,15.136265,1074.8121,16.764654
689,1e-05,37.456397,25053.783,1289.7129,33226.13,1687.9959,13.050846,0,215.66997,2317.9833,0.67550912,0.21817376,0,7.7606628,37.692514,682.28007,21.640963,738.10003,23.92382,206.91133,15.470453,217.1318,16.329965,934.04088,15.319332,1074.8121,16.764654
690,1e-05,37.237111,24877.322,1281.9773,33267.999,1687.9307,12.996389,0,207.94185,2310.0492,0.67916893,0.21964398,0,8.0487584,37.886495,684.86141,21.88698,738.10003,23.92382,207.14134,15.518339,217.1318,16.329965,943.69916,15.040198,1074.8121,16.764654
691,1e-05,37.241508,24851.372,1278.8198,33220.102,1686.0631,13.037099,0,213.73727,2315.9758,0.67487452,0.21784837,0,7.7059614,37.647277,680.29692,21.689856,738.10003,23.92382,207.56027,15.522052,217.1318,16.329965,935.7106,15.228622,1074.8121,16.764654
692,1e-05,37.424582,25046.242,1285.5719,33375.134,1690.9163,13.059565,0,215.71489,2319.5572,0.67779896,0.21963709,0,8.0673014,37.880523,683.6196,21.81201,738.10003,23.92382,206.72511,15.467683,217.1318,16.329965,939.38353,15.04523,1074.8121,16.764654
693,1e-05,37.309337,25036.076,1283.9563,33340.764,1691.9164,13.000588,0,207.39606,2310.9516,0.67845406,0.21768705,0,7.6803564,37.624464,687.84767,21.797632,738.10003,23.92382,209.46097,15.599846,217.1318,16.329965,943.90073,15.275899,1074.8121,16.764654
694,1e-05,37.325482,24977.891,1284.6371,33321.063,1690.0363,13.002444,0,210.25386,2310.5615,0.68174962,0.21896586,0,7.9047703,37.799851,689.60195,21.961864,738.10003,23.92382,209.00967,15.606495,217.1318,16.329965,945.17283,15.084714,1074.8121,16.764654
695,1e-05,37.452617,25048.953,1286.4343,33366.223,1692.4916,13.057872,0,216.71565,2318.9945,0.67799236,0.21946043,0,8.0270181,37.858656,685.11312,21.806184,738.10003,23.92382,207.19189,15.509558,217.1318,16.329965,948.14509,15.232448,1074.8121,16.764654
696,1e-05,37.287401,25004.827,1282.7652,33262.546,1687.8031,13.021205,0,209.76504,2314.0972,0.67571238,0.21852614,0,7.8273435,37.739612,681.97518,21.666116,738.10003,23.92382,207.53493,15.504083,217.1318,16.329965,936.78056,15.196883,1074.8121,16.764654
697,1e-05,37.023514,24675.702,1272.0669,33240.411,1687.324,12.987671,0,204.89049,2309.2408,0.67305066,0.21737616,0,7.6178798,37.583842,677.08503,21.620712,738.10003,23.92382,206.8736,15.493935,217.1318,16.329965,936.10786,15.312523,1074.8121,16.764654
698,1e-05,37.282805,24917.558,1281.1505,33344.985,1690.4246,13.037282,0,213.31548,2316.1164,0.67784336,0.21797501,0,7.6794677,37.677046,685.21104,21.698467,738.10003,23.92382,208.85845,15.568383,217.1318,16.329965,938.31406,15.288316,1074.8121,16.764654
699,1e-05,37.273163,24997.68,1285.7507,33349.78,1691.5453,13.037017,0,211.83731,2316.4445,0.67767956,0.21865705,0,7.8486514,37.757989,684.18807,21.746701,738.10003,23.92382,207.77007,15.521209,217.1318,16.329965,945.24838,15.311375,1074.8121,16.764654
700,1e-05,37.211828,24830.375,1279.7137,33171.456,1683.9701,13.021558,0,208.96961,2314.3637,0.67919774,0.21804565,0,7.7270777,37.677772,688.15889,21.804152,738.10003,23.92382,208.19188,15.533388,217.1318,16.329965,935.18862,15.125209,1074.8121,16.764654
701,1e-05,37.410828,25006.26,1282.1834,33247.053,1684.5017,13.075119,0,215.32123,2322.4853,0.6828615,0.21600994,0,7.3641802,37.400015,689.55227,21.829904,738.10003,23.92382,209.20214,15.61758,217.1318,16.329965,936.63583,15.658042,1074.8121,16.764654
702,1e-05,37.328918,24899.219,1281.6926,33384.797,1693.099,13.022597,0,208.86611,2314.5791,0.6746665,0.21921252,0,8.017519,37.815999,680.15214,21.677678,738.10003,23.92382,205.82682,15.421982,217.1318,16.329965,932.95426,15.097118,1074.8121,16.764654
703,1e-05,37.418394,25042.356,1284.0603,33293.251,1687.8112,13.021908,0,207.82588,2314.7186,0.676388,0.21571793,0,7.30674,37.361545,684.38926,21.671953,738.10003,23.92382,208.11336,15.535568,217.1318,16.329965,934.45004,15.441413,1074.8121,16.764654
704,1e-05,37.261311,24887.231,1280.0414,33339.71,1691.333,13.00938,0,208.48112,2312.2739,0.68161062,0.21871936,0,7.8810691,37.761066,690.09201,21.89522,738.10003,23.92382,208.68815,15.564736,217.1318,16.329965,937.97052,15.178692,1074.8121,16.764654
705,1e-05,37.335184,24936.338,1279.9146,33282.415,1688.8159,13.038621,0,211.90535,2316.7189,0.67818494,0.21818375,0,7.7545006,37.6959,685.92313,21.791706,738.10003,23.92382,208.81489,15.560945,217.1318,16.329965,945.52161,15.167885,1074.8121,16.764654
706,1e-05,37.375814,24994.525,1285.2176,33403.327,1694.3687,13.064058,0,218.6919,2319.6163,0.67462237,0.21788856,0,7.6961594,37.657079,681.33495,21.630902,738.10003,23.92382,208.12759,15.509071,217.1318,16.329965,934.99485,15.106472,1074.8121,16.764654
707,1e-05,37.241808,24881.298,1280.5713,33341.624,1690.8617,12.998827,0,210.26884,2309.9001,0.6807394,0.21868158,0,7.8961683,37.750353,687.69414,21.906218,738.10003,23.92382,208.53647,15.565007,217.1318,16.329965,938.13341,15.164741,1074.8121,16.764654
708,1e-05,37.315921,25031.675,1283.281,33298.291,1689.2436,13.019155,0,209.29228,2313.8448,0.67871313,0.21901033,0,7.9211692,37.803763,684.88894,21.807432,738.10003,23.92382,207.56811,15.51296,217.1318,16.329965,941.05194,15.087694,1074.8121,16.764654
709,1e-05,37.442732,25097.427,1285.6562,33365.862,1692.5071,13.022361,0,209.51866,2314.3699,0.68209123,0.21871179,0,7.8421853,37.769587,691.92853,21.86326,738.10003,23.92382,208.8001,15.573417,217.1318,16.329965,942.37634,15.294633,1074.8121,16.764654
710,1e-05,37.429127,25007.337,1285.4231,33224.277,1686.6513,13.028483,0,211.27383,2315.0364,0.67686704,0.2193088,0,8.0284331,37.830727,682.49852,21.778358,738.10003,23.92382,207.02034,15.495048,217.1318,16.329965,941.5441,15.060833,1074.8121,16.764654
711,1e-05,37.178548,24809.855,1275.5025,33244.313,1686.5926,13.012116,0,209.87657,2312.4161,0.67715389,0.21865322,0,7.8627478,37.753703,684.12494,21.762582,738.10003,23.92382,207.42006,15.504374,217.1318,16.329965,943.92768,15.177646,1074.8121,16.764654
712,1e-05,37.257727,24913.289,1281.3501,33408.008,1695.4095,12.990937,0,209.50027,2308.6612,0.67854391,0.21844808,0,7.8160482,37.728294,687.13081,21.74445,738.10003,23.92382,208.13552,15.508955,217.1318,16.329965,927.80592,15.124147,1074.8121,16.764654
713,1e-05,37.375388,24999.938,1285.1436,33283.978,1689.5788,13.045722,0,215.87985,2316.9982,0.6745303,0.21819947,0,7.7915834,37.689318,679.90482,21.720423,738.10003,23.92382,208.23374,15.55478,217.1318,16.329965,943.13836,15.132482,1074.8121,16.764654
714,1e-05,37.108808,24745.526,1282.5444,33147.118,1683.1315,12.953713,0,201.18794,2304.0091,0.67702844,0.21924622,0,7.9600837,37.836746,683.41256,21.716948,738.10003,23.92382,207.73879,15.506087,217.1318,16.329965,941.93366,15.117688,1074.8121,16.764654
715,1e-05,37.146108,24801.294,1274.6834,33291.324,1688.1518,13.018807,0,211.24318,2313.2848,0.69075315,0.21701347,0,7.5236279,37.541889,699.85508,22.165682,738.10003,23.92382,211.75691,15.821162,217.1318,16.329965,947.68016,15.700265,1074.8121,16.764654
716,1e-05,37.360764,25046.072,1287.573,33282.168,1688.6243,13.030029,0,213.15266,2314.8392,0.67615469,0.21847427,0,7.9010738,37.711413,682.42871,21.811665,738.10003,23.92382,207.16284,15.488202,217.1318,16.329965,941.05948,15.076192,1074.8121,16.764654
717,1e-05,37.368054,24972.721,1283.8696,33362.05,1691.4366,13.064386,0,214.27337,2320.8006,0.67559255,0.21756463,0,7.6465441,37.610812,683.02808,21.698598,738.10003,23.92382,208.58371,15.532884,217.1318,16.329965,932.8526,15.15357,1074.8121,16.764654
718,1e-05,37.340901,25050.724,1288.832,33365.306,1692.8491,13.016503,0,211.25811,2312.8621,0.67662396,0.2183201,0,7.8374276,37.699582,683.21618,21.765581,738.10003,23.92382,206.78491,15.462212,217.1318,16.329965,933.16597,15.134808,1074.8121,16.764654
719,1e-05,37.289854,24839.272,1282.2864,33313.431,1688.7987,13.050011,0,213.04608,2318.4994,0.67617048,0.21828866,0,7.7748072,37.709804,683.08207,21.753347,738.10003,23.92382,208.08757,15.541998,217.1318,16.329965,949.33284,15.177339,1074.8121,16.764654
720,1e-05,37.30848,24929.025,1284.9671,33279.452,1687.6663,13.020088,0,211.79204,2313.378,0.67645959,0.2187302,0,7.8906383,37.760602,681.44313,21.76068,738.10003,23.92382,206.83932,15.460934,217.1318,16.329965,932.91379,15.042028,1074.8121,16.764654
721,1e-05,37.078485,24776.643,1272.4692,33309.105,1689.0057,13.007855,0,210.96724,2311.3639,0.67513424,0.21905467,0,7.9423496,37.806433,680.59869,21.687063,738.10003,23.92382,206.49747,15.434022,217.1318,16.329965,936.95181,15.046308,1074.8121,16.764654
722,1e-05,37.333761,25030.052,1288.6988,33293.477,1690.402,13.003657,0,209.44875,2310.9871,0.67716974,0.21873362,0,7.8796392,37.764023,683.4324,21.768051,738.10003,23.92382,207.24512,15.471503,217.1318,16.329965,930.97802,15.064026,1074.8121,16.764654
723,1e-05,37.281752,24896.329,1279.5124,33336.599,1689.7075,13.038401,0,211.90785,2316.6783,0.67891403,0.21879342,0,7.9015912,37.769308,685.15617,21.863639,738.10003,23.92382,207.91633,15.544114,217.1318,16.329965,947.57414,15.151491,1074.8121,16.764654
724,1e-05,37.111838,24798.279,1279.6449,33269.359,1687.5535,12.958507,0,199.40166,2305.3354,0.67686435,0.21856647,0,7.82292,37.74807,684.42312,21.721338,738.10003,23.92382,207.66391,15.478447,217.1318,16.329965,939.12827,15.161899,1074.8121,16.764654
725,1e-05,37.357025,24963.868,1286.2364,33296.494,1688.4626,13.017884,0,210.18134,2313.3874,0.67703229,0.2184498,0,7.8213418,37.727259,683.3311,21.78991,738.10003,23.92382,208.90895,15.56171,217.1318,16.329965,945.07811,14.983901,1074.8121,16.764654
726,1e-05,37.559801,25203.1,1286.7704,33400.055,1690.2629,13.058034,0,214.46242,2319.5975,0.68056326,0.21954954,0,8.0889337,37.859098,687.27997,21.921741,738.10003,23.92382,207.5605,15.524622,217.1318,16.329965,936.56478,15.107896,1074.8121,16.764654
727,1e-05,37.235346,24934.29,1277.0203,33250.97,1687.158,12.999955,0,205.64447,2311.2823,0.68153581,0.2189706,0,7.9399077,37.791769,690.99617,21.9566,738.10003,23.92382,208.08679,15.553282,217.1318,16.329965,947.15709,15.094247,1074.8121,16.764654
728,1e-05,37.256341,24993.499,1279.6816,33362.114,1689.5044,13.006413,0,211.36919,2310.9993,0.67923709,0.21877829,0,7.8825011,37.771417,687.21067,21.822309,738.10003,23.92382,208.59143,15.567802,217.1318,16.329965,946.49597,15.214365,1074.8121,16.764654
729,1e-05,37.5382,25170.538,1286.8597,33393.708,1691.5176,13.078996,0,217.74475,2322.5733,0.67891455,0.21820403,0,7.7876258,37.691156,683.33111,21.84785,738.10003,23.92382,207.87322,15.563658,217.1318,16.329965,953.32542,15.199917,1074.8121,16.764654
730,1e-05,37.325567,24983.669,1280.5855,33370.389,1692.002,13.0418,0,209.80883,2317.8304,0.68157114,0.2190462,0,7.9416991,37.80506,687.82762,21.997693,738.10003,23.92382,208.88473,15.596873,217.1318,16.329965,947.9773,15.124035,1074.8121,16.764654
731,1e-05,37.402725,25048.719,1280.3095,33322.143,1690.4135,13.041066,0,214.64178,2316.4668,0.67785971,0.21874519,0,7.9231054,37.755062,684.97412,21.817292,738.10003,23.92382,207.09609,15.475686,217.1318,16.329965,935.46956,15.075172,1074.8121,16.764654
732,1e-05,37.114372,24777.099,1275.659,33219.655,1687.3656,12.995788,0,207.4089,2310.0755,0.67796081,0.21926814,0,7.9854548,37.834274,683.72223,21.753007,738.10003,23.92382,206.95297,15.454593,217.1318,16.329965,935.58766,15.10202,1074.8121,16.764654
733,1e-05,37.354692,24993.339,1289.0784,33467.329,1696.1616,13.001807,0,209.15275,2310.726,0.67614413,0.21869952,0,7.8631358,37.762023,683.00503,21.687545,738.10003,23.92382,207.52556,15.483756,217.1318,16.329965,942.57249,15.256548,1074.8121,16.764654
734,1e-05,37.520059,25188.45,1287.5814,33298.19,1689.9675,13.068908,0,217.50303,2320.8007,0.68203872,0.21911877,0,7.9579934,37.814106,689.49566,21.877743,738.10003,23.92382,209.16708,15.59336,217.1318,16.329965,952.89526,15.318828,1074.8121,16.764654
735,1e-05,37.367557,24963.869,1287.7831,33423.613,1694.4956,13.066296,0,218.39035,2320.0999,0.67688725,0.21889003,0,7.9094869,37.784864,683.6666,21.732301,738.10003,23.92382,207.27966,15.473246,217.1318,16.329965,946.53463,15.165397,1074.8121,16.764654
736,1e-05,37.367235,25011.638,1283.6764,33305.858,1690.2669,13.022532,0,210.4996,2314.1513,0.67933075,0.21817619,0,7.7094997,37.70598,687.28934,21.787485,738.10003,23.92382,209.42018,15.57593,217.1318,16.329965,946.66917,15.222148,1074.8121,16.764654
737,1e-05,37.213069,24835.031,1277.8359,33397.8,1693.618,13.016393,0,210.8314,2312.9507,0.67773055,0.2194157,0,7.9701386,37.865,683.81809,21.725347,738.10003,23.92382,208.03116,15.51867,217.1318,16.329965,946.89547,15.162225,1074.8121,16.764654
738,1e-05,37.212419,24885.39,1278.585,33254.727,1686.7939,12.993708,0,209.08811,2309.2699,0.67753065,0.21921345,0,7.9175487,37.841616,683.88633,21.756579,738.10003,23.92382,208.22967,15.524203,217.1318,16.329965,946.28498,14.983964,1074.8121,16.764654
739,1e-05,37.343457,24994.427,1285.6387,33286.757,1689.2334,13.022783,0,212.42008,2313.7082,0.67563462,0.21693262,0,7.5186277,37.528462,682.21366,21.649314,738.10003,23.92382,207.13527,15.472887,217.1318,16.329965,928.06358,15.251128,1074.8121,16.764654
740,1e-05,37.452264,25098.567,1288.7701,33329.913,1690.2203,13.086193,0,219.39179,2323.4627,0.67733519,0.21847169,0,7.814698,37.732931,685.21075,21.746545,738.10003,23.92382,207.15692,15.465039,217.1318,16.329965,931.54065,15.055805,1074.8121,16.764654
741,1e-05,37.198209,24844.065,1276.7162,33406.837,1693.8014,13.023231,0,210.11735,2314.3758,0.67828843,0.21903754,0,7.9459482,37.802403,683.63515,21.817856,738.10003,23.92382,207.9372,15.540286,217.1318,16.329965,940.63775,15.020944,1074.8121,16.764654
742,1e-05,37.179578,24886.763,1279.3113,33294.613,1688.8946,12.99925,0,208.59796,2310.4023,0.6806166,0.21936226,0,8.0255992,37.841169,688.42005,21.85659,738.10003,23.92382,206.88184,15.47309,217.1318,16.329965,938.29143,15.065697,1074.8121,16.764654
743,1e-05,37.131183,24816.396,1268.3336,33303.789,1688.9864,13.00575,0,211.06544,2310.9561,0.67608607,0.21942259,0,7.9914225,37.860837,682.61231,21.665034,738.10003,23.92382,206.43265,15.434764,217.1318,16.329965,938.53297,15.115373,1074.8121,16.764654
744,1e-05,37.23746,24833.591,1273.4725,33270.386,1689.5888,13.036937,0,210.931,2316.6607,0.67415954,0.21650858,0,7.470544,37.463604,680.10231,21.633235,738.10003,23.92382,206.51075,15.436706,217.1318,16.329965,931.707,15.321731,1074.8121,16.764654
745,1e-05,37.098276,24762.554,1270.9173,33315.929,1688.7854,12.983856,0,206.20066,2308.2136,0.68444374,0.21805262,0,7.6752474,37.692232,693.66394,21.908182,738.10003,23.92382,210.53774,15.672832,217.1318,16.329965,949.68281,15.415708,1074.8121,16.764654
746,1e-05,37.296596,24930.051,1286.8504,33299.186,1688.1997,13.025469,0,210.35137,2314.7231,0.67800517,0.21812929,0,7.7293054,37.692411,685.77498,21.717725,738.10003,23.92382,208.00006,15.50955,217.1318,16.329965,934.46264,15.21989,1074.8121,16.764654
747,1e-05,37.249046,24875.058,1275.7058,33294.245,1688.7923,13.008076,0,206.61044,2312.5129,0.67792139,0.21764222,0,7.6273624,37.629803,685.60003,21.673589,738.10003,23.92382,207.89372,15.488882,217.1318,16.329965,927.59768,15.209364,1074.8121,16.764654
748,1e-05,37.629057,25308.699,1288.342,33398.718,1691.8244,13.063152,0,215.03357,2320.3827,0.68086397,0.21884703,0,7.8405006,37.794606,689.55906,21.820405,738.10003,23.92382,208.83278,15.553835,217.1318,16.329965,944.19332,15.150192,1074.8121,16.764654
749,1e-05,37.353475,24965.474,1284.4076,33387.269,1692.1709,13.055727,0,217.39683,2318.4312,0.67798255,0.21861597,0,7.848325,37.750603,685.68552,21.793976,738.10003,23.92382,207.86838,15.516668,217.1318,16.329965,942.19719,15.118413,1074.8121,16.764654
750,1e-05,37.323456,24958.577,1279.0994,33360.021,1690.2028,13.034459,0,210.93212,2316.2099,0.67935401,0.21815127,0,7.7773919,37.684168,687.53822,21.805581,738.10003,23.92382,207.97761,15.520337,217.1318,16.329965,934.67444,15.157607,1074.8121,16.764654
751,1e-05,37.511823,25058.686,1291.889,33362.982,1692.5155,13.076266,0,217.38597,2322.1683,0.67724034,0.21878015,0,7.8662787,37.775884,684.35213,21.699567,738.10003,23.92382,207.57075,15.490537,217.1318,16.329965,932.55114,15.097507,1074.8121,16.764654
752,1e-05,37.419255,25007.229,1281.4356,33315.395,1689.5992,13.056807,0,212.82931,2319.7901,0.67869167,0.21869517,0,7.8851394,37.755633,685.16201,21.780942,738.10003,23.92382,207.35651,15.511987,217.1318,16.329965,935.0337,15.174556,1074.8121,16.764654
753,1e-05,37.158883,24796.697,1280.9353,33237.943,1685.9309,12.995308,0,207.48749,2309.9682,0.68205524,0.21894706,0,7.8901009,37.800168,690.54132,21.903918,738.10003,23.92382,208.07743,15.522312,217.1318,16.329965,937.98574,15.074318,1074.8121,16.764654
754,1e-05,37.25027,24945.696,1280.3229,33244.265,1687.4418,13.038274,0,211.32445,2316.8036,0.68135074,0.21895965,0,7.881027,37.804767,689.83877,21.915624,738.10003,23.92382,208.93706,15.57494,217.1318,16.329965,946.05836,15.071711,1074.8121,16.764654
755,1e-05,37.114733,24791.349,1273.0346,33268.668,1686.8918,12.987362,0,205.51992,2309.0245,0.67952373,0.21902383,0,7.9617955,37.795875,687.51588,21.849752,738.10003,23.92382,207.54728,15.507255,217.1318,16.329965,933.93687,15.086679,1074.8121,16.764654
756,1e-05,37.19986,24819.315,1274.7317,33301.286,1690.4671,12.997182,0,206.45993,2310.5705,0.67643285,0.21862012,0,7.8542949,37.749838,682.65595,21.700832,738.10003,23.92382,208.00889,15.535284,217.1318,16.329965,942.34751,15.158118,1074.8121,16.764654
757,1e-05,37.354991,25011.909,1281.2478,33366.286,1692.2564,13.025522,0,212.17524,2314.2684,0.6794721,0.21766741,0,7.6504849,37.628497,687.77036,21.764456,738.10003,23.92382,208.7418,15.564026,217.1318,16.329965,931.77534,15.287773,1074.8121,16.764654
758,1e-05,37.382994,25009.579,1287.5943,33346.274,1694.1486,13.04627,0,216.13416,2317.0331,0.67677616,0.21853298,0,7.8186491,37.743068,684.02736,21.671221,738.10003,23.92382,207.1964,15.459897,217.1318,16.329965,933.75009,15.170065,1074.8121,16.764654
759,1e-05,37.35367,25028.993,1288.4202,33263.608,1687.4471,13.037717,0,213.2365,2316.2157,0.67672481,0.21826645,0,7.8093208,37.696984,682.6452,21.754034,738.10003,23.92382,208.04807,15.54307,217.1318,16.329965,946.43514,15.131673,1074.8121,16.764654
760,1e-05,37.440154,25039.942,1281.0186,33386.973,1693.2843,13.043558,0,216.51438,2316.4433,0.68313719,0.21594836,0,7.3791772,37.385002,688.58462,21.890426,738.10003,23.92382,209.29349,15.661021,217.1318,16.329965,949.2456,15.683552,1074.8121,16.764654
761,1e-05,37.424696,25006.25,1282.2888,33259.705,1687.3848,13.04935,0,214.11069,2318.1082,0.67721119,0.2179687,0,7.7149875,37.666859,685.04745,21.702249,738.10003,23.92382,208.05665,15.519672,217.1318,16.329965,940.58977,15.251996,1074.8121,16.764654
762,1e-05,37.35328,24961.346,1282.6241,33230.209,1687.0225,13.036334,0,214.83131,2315.5582,0.67452282,0.21798995,0,7.7473545,37.662482,681.95752,21.677202,738.10003,23.92382,207.10944,15.475861,217.1318,16.329965,938.67968,15.118492,1074.8121,16.764654
763,1e-05,37.348571,24989.301,1285.1251,33315.479,1690.4055,13.025154,0,211.83795,2314.2875,0.67618431,0.2180108,0,7.7197095,37.673311,682.91317,21.699048,738.10003,23.92382,207.83617,15.506964,217.1318,16.329965,940.99953,15.119471,1074.8121,16.764654
764,1e-05,37.507481,25152.383,1288.3321,33373.364,1691.2186,13.072355,0,216.75138,2321.6187,0.67909557,0.21883851,0,7.8829764,37.782244,686.93481,21.827478,738.10003,23.92382,207.56026,15.500298,217.1318,16.329965,942.78086,15.114255,1074.8121,16.764654
765,1e-05,37.238047,24863.367,1272.8126,33243.84,1687.429,13.039859,0,213.18604,2316.6178,0.68061443,0.218393,0,7.8166758,37.71812,692.50275,21.931941,738.10003,23.92382,209.25299,15.587027,217.1318,16.329965,949.67312,15.129009,1074.8121,16.764654
766,1e-05,37.421033,25071.208,1281.5523,33308.112,1689.2124,13.061598,0,215.07165,2320.0906,0.67188357,0.21701504,0,7.5610651,37.532646,679.21786,21.546728,738.10003,23.92382,207.40867,15.468951,217.1318,16.329965,931.06662,15.120644,1074.8121,16.764654
767,1e-05,37.530695,25185.23,1296.144,33323.352,1690.3901,13.022781,0,211.54702,2313.93,0.67726561,0.21850583,0,7.8165756,37.738659,684.40667,21.761928,738.10003,23.92382,208.3045,15.55183,217.1318,16.329965,948.03735,15.162681,1074.8121,16.764654
768,1e-05,37.22206,24864.626,1278.6589,33349.22,1691.5512,13.027453,0,211.4861,2314.7951,0.67758602,0.21888236,0,7.9115415,37.782945,683.88823,21.782136,738.10003,23.92382,206.24514,15.444483,217.1318,16.329965,937.42933,15.074423,1074.8121,16.764654
769,1e-05,37.254116,24918.449,1286.0598,33434.792,1696.5761,12.989743,0,206.85924,2309.1164,0.67712645,0.21858754,0,7.8466511,37.745859,684.46837,21.711349,738.10003,23.92382,207.68719,15.500028,217.1318,16.329965,939.17107,15.127531,1074.8121,16.764654
770,1e-05,37.298774,24947.444,1281.3927,33324.239,1691.6765,13.029846,0,213.99799,2314.5906,0.68251916,0.21887138,0,7.8733797,37.790664,691.75068,21.868715,738.10003,23.92382,208.83292,15.556962,217.1318,16.329965,939.9429,15.182809,1074.8121,16.764654
771,1e-05,37.198897,24916.454,1279.7047,33216.057,1686.0808,13.022494,0,212.6359,2313.6007,0.68220291,0.21927033,0,7.9530372,37.842924,690.80266,21.907908,738.10003,23.92382,208.51385,15.559189,217.1318,16.329965,948.75366,15.136434,1074.8121,16.764654
772,1e-05,37.424224,25045.447,1286.993,33273.457,1686.7852,13.030742,0,211.9198,2315.2826,0.67670347,0.21863114,0,7.8217695,37.760121,683.20102,21.691273,738.10003,23.92382,208.07435,15.508424,217.1318,16.329965,944.17937,15.110785,1074.8121,16.764654
773,1e-05,37.284309,24961.359,1280.5762,33320.192,1689.2288,13.025946,0,210.70341,2314.7203,0.67327709,0.21878373,0,7.9148314,37.764175,678.33014,21.625638,738.10003,23.92382,206.48179,15.434464,217.1318,16.329965,938.32678,15.077365,1074.8121,16.764654
774,1e-05,37.167339,24854.344,1277.2865,33282.777,1687.8382,12.972402,0,204.78703,2306.491,0.68247578,0.2197427,0,8.0769422,37.897269,691.93942,21.951873,738.10003,23.92382,208.50687,15.572374,217.1318,16.329965,954.66779,15.114421,1074.8121,16.764654
775,1e-05,37.468163,25024.552,1281.1902,33302.119,1689.3188,13.075595,0,217.49499,2322.0185,0.67880728,0.21833542,0,7.7822122,37.716422,686.19074,21.784729,738.10003,23.92382,208.79625,15.556755,217.1318,16.329965,942.45544,15.127842,1074.8121,16.764654
776,1e-05,37.33035,24939.018,1282.6482,33359.612,1691.5265,13.026362,0,210.35168,2314.8854,0.67690121,0.21920084,0,7.9930236,37.820112,682.629,21.722939,738.10003,23.92382,206.82277,15.460004,217.1318,16.329965,939.95592,15.122584,1074.8121,16.764654
777,1e-05,37.243203,24878.633,1280.6961,33340.471,1694.1162,13.041078,0,216.62646,2315.9639,0.67803502,0.21834128,0,7.8106511,37.710249,684.24788,21.796624,738.10003,23.92382,207.52902,15.509255,217.1318,16.329965,942.55641,15.113301,1074.8121,16.764654
778,1e-05,37.367398,24971.232,1288.4076,33302.974,1689.0617,13.002581,0,207.75708,2311.222,0.67596761,0.2183353,0,7.7782903,37.7174,683.27315,21.683943,738.10003,23.92382,208.12264,15.525527,217.1318,16.329965,944.62104,15.274387,1074.8121,16.764654
779,1e-05,37.336118,24953.355,1278.4382,33406.45,1692.1708,13.089059,0,220.37726,2323.7329,0.67489889,0.21835407,0,7.8076541,37.713338,680.35669,21.669856,738.10003,23.92382,207.27426,15.466603,217.1318,16.329965,936.88237,14.987898,1074.8121,16.764654
780,1e-05,37.347502,24999.023,1286.7364,33286.623,1690.8682,13.033654,0,214.13222,2315.2489,0.67799752,0.21820489,0,7.7348815,37.704739,684.70336,21.735473,738.10003,23.92382,208.7738,15.551012,217.1318,16.329965,937.90752,15.145238,1074.8121,16.764654
781,1e-05,37.372665,25061.816,1283.8489,33334.639,1689.3089,13.028499,0,212.73312,2314.6678,0.67492172,0.21862739,0,7.8655647,37.748292,680.77202,21.623177,738.10003,23.92382,205.93757,15.404523,217.1318,16.329965,931.41253,15.182829,1074.8121,16.764654
782,1e-05,37.327189,24957.181,1281.4321,33392.782,1691.3178,13.00071,0,207.55707,2310.9328,0.67579115,0.21880467,0,7.8852172,37.775522,682.24952,21.660025,738.10003,23.92382,207.09988,15.459469,217.1318,16.329965,938.15357,15.137386,1074.8121,16.764654
783,1e-05,37.322926,24985.027,1284.5504,33336.23,1688.6212,13.005461,0,209.83468,2311.2168,0.67693963,0.21814748,0,7.7898783,37.6803,681.40741,21.756412,738.10003,23.92382,207.89564,15.529243,217.1318,16.329965,942.44282,15.135841,1074.8121,16.764654
784,1e-05,37.398021,25009.805,1281.0539,33333.362,1692.1795,13.024833,0,212.22529,2314.1304,0.67721498,0.21855646,0,7.8574369,37.737463,682.81273,21.822152,738.10003,23.92382,208.00451,15.533833,217.1318,16.329965,942.17626,15.091343,1074.8121,16.764654
785,1e-05,37.347291,25018.711,1287.9807,33264.542,1689.562,13.008728,0,208.98888,2312.026,0.67675678,0.21846674,0,7.8063848,37.734146,682.44159,21.715444,738.10003,23.92382,208.0307,15.516921,217.1318,16.329965,942.37749,15.197637,1074.8121,16.764654
786,1e-05,37.394444,25007.476,1281.3153,33409.523,1693.246,13.055799,0,216.00994,2318.7972,0.68629215,0.21839877,0,7.6981464,37.749338,697.62997,21.942822,738.10003,23.92382,210.95689,15.713657,217.1318,16.329965,952.61368,15.522982,1074.8121,16.764654
787,1e-05,37.320544,24944.75,1286.7414,33272.85,1685.9202,13.058639,0,214.40236,2319.7228,0.67625462,0.21765388,0,7.6654254,37.622234,682.21077,21.71023,738.10003,23.92382,208.19519,15.515347,217.1318,16.329965,931.76762,15.118278,1074.8121,16.764654
788,1e-05,37.283488,24982.501,1283.5364,33280.783,1687.5638,13.006623,0,206.15671,2312.3644,0.68040174,0.21852814,0,7.7988949,37.747217,686.73299,21.879367,738.10003,23.92382,209.1953,15.587068,217.1318,16.329965,944.868,15.046098,1074.8121,16.764654
789,1e-05,37.384507,25025.324,1283.8235,33351.748,1691.7406,13.034339,0,213.5232,2315.5285,0.67913517,0.21822478,0,7.7552023,37.703182,687.48555,21.755977,738.10003,23.92382,208.52973,15.513745,217.1318,16.329965,929.20725,15.037904,1074.8121,16.764654
790,1e-05,37.004554,24711.756,1274.9149,33303.781,1689.4443,12.99844,0,207.60494,2310.5078,0.68096519,0.21896654,0,7.8751988,37.807503,692.11158,21.815008,738.10003,23.92382,209.21666,15.579099,217.1318,16.329965,949.71809,15.243556,1074.8121,16.764654
791,1e-05,37.244856,24932.409,1278.0426,33371.837,1690.5817,12.999317,0,206.51266,2310.9453,0.6794234,0.21891499,0,7.9093917,37.789426,686.57826,21.847553,738.10003,23.92382,207.70583,15.512603,217.1318,16.329965,944.32614,15.079182,1074.8121,16.764654
792,1e-05,37.101921,24744.64,1274.3757,33324.864,1690.4251,12.985067,0,204.49825,2308.8672,0.68107825,0.21907891,0,7.9345062,37.812837,687.93807,21.874431,738.10003,23.92382,208.05904,15.531396,217.1318,16.329965,943.36494,15.109582,1074.8121,16.764654
793,1e-05,37.142464,24838.141,1269.532,33240.688,1684.9894,12.999176,0,206.27709,2310.9796,0.67745837,0.21908305,0,7.9422642,37.811615,683.95379,21.73334,738.10003,23.92382,207.12295,15.483487,217.1318,16.329965,939.56978,15.130679,1074.8121,16.764654
794,1e-05,37.240013,24833.443,1279.6858,33383.133,1692.2071,13.052235,0,211.50409,2319.2963,0.68048412,0.21865259,0,7.8423964,37.75877,687.60782,21.821552,738.10003,23.92382,207.88878,15.532352,217.1318,16.329965,943.85397,15.194653,1074.8121,16.764654
795,1e-05,37.172385,24844.629,1276.038,33268.466,1689.3588,12.989804,0,206.11437,2309.3171,0.67551903,0.21858621,0,7.8645439,37.741063,681.10806,21.707083,738.10003,23.92382,207.38305,15.498409,217.1318,16.329965,937.59178,15.06487,1074.8121,16.764654
796,1e-05,37.247167,24871.504,1283.0379,33145.737,1683.049,13.01779,0,209.29256,2313.5964,0.6799316,0.21835724,0,7.7844621,37.719817,686.12614,21.831523,738.10003,23.92382,208.7884,15.607741,217.1318,16.329965,946.95853,15.268962,1074.8121,16.764654
797,1e-05,37.212514,24890.664,1279.6642,33261.814,1689.1024,12.996932,0,207.28902,2310.3141,0.67935711,0.21904905,0,7.9316725,37.808128,686.43728,21.781908,738.10003,23.92382,207.67386,15.506412,217.1318,16.329965,934.00383,15.124432,1074.8121,16.764654
798,1e-05,37.30226,24944.24,1284.573,33303.535,1690.4875,13.050072,0,211.78598,2318.8312,0.67930538,0.21902001,0,7.9038043,37.809944,686.75904,21.778948,738.10003,23.92382,207.99089,15.519652,217.1318,16.329965,939.12945,15.14295,1074.8121,16.764654
799,1e-05,37.349254,24999.924,1282.9882,33239.841,1688.2968,13.030208,0,214.24947,2314.5925,0.67986016,0.2187776,0,7.8578262,37.777571,685.83053,21.78997,738.10003,23.92382,208.81218,15.577963,217.1318,16.329965,947.37294,15.22779,1074.8121,16.764654
800,1e-05,37.007477,24737.618,1265.0745,33304.052,1690.3971,12.988189,0,203.86997,2309.5947,0.68465271,0.21920974,0,7.9068044,37.843676,694.46658,21.889539,738.10003,23.92382,209.04659,15.587057,217.1318,16.329965,941.80869,15.204375,1074.8121,16.764654
801,1e-05,36.988815,24685.798,1266.0929,33325.866,1687.9634,12.991307,0,205.16967,2309.8307,0.6782626,0.21841955,0,7.8023376,37.726597,687.74009,21.802538,738.10003,23.92382,208.1444,15.558229,217.1318,16.329965,943.88832,15.277106,1074.8121,16.764654
802,1e-05,37.277174,24912.004,1283.1025,33294.604,1689.0937,13.05704,0,216.12884,2318.9927,0.67843595,0.21805265,0,7.7093386,37.683561,686.17191,21.719496,738.10003,23.92382,208.86462,15.569366,217.1318,16.329965,939.87832,15.292326,1074.8121,16.764654
803,1e-05,37.270496,24883.982,1280.1714,33316.271,1689.2058,13.045446,0,214.87393,2317.2041,0.67389279,0.21838408,0,7.7950282,37.722008,678.35066,21.61924,738.10003,23.92382,207.01514,15.443139,217.1318,16.329965,931.4695,15.110843,1074.8121,16.764654
804,1e-05,37.272629,24944.271,1277.9348,33298.289,1688.7893,13.063081,0,216.12369,2320.0924,0.67584096,0.2182534,0,7.7589847,37.707422,681.95862,21.654443,738.10003,23.92382,207.5908,15.492568,217.1318,16.329965,938.00129,15.161084,1074.8121,16.764654
805,1e-05,37.342973,24989.614,1284.4857,33270.365,1686.3858,13.017967,0,207.59025,2314.0619,0.67651669,0.21978819,0,8.043425,37.914072,681.74144,21.665739,738.10003,23.92382,206.60377,15.436175,217.1318,16.329965,943.27635,15.088308,1074.8121,16.764654
806,1e-05,37.22735,24846.164,1275.1952,33279.21,1687.6373,13.048505,0,210.04248,2318.9901,0.67943882,0.21895485,0,7.8533709,37.810934,686.34606,21.741054,738.10003,23.92382,209.25961,15.577533,217.1318,16.329965,943.37526,15.228125,1074.8121,16.764654
807,1e-05,37.230952,24928.111,1280.5493,33287.064,1690.8158,12.990794,0,206.68427,2309.3521,0.68171035,0.21943366,0,7.9887422,37.86353,689.18307,21.861855,738.10003,23.92382,208.48539,15.563027,217.1318,16.329965,949.52376,15.160601,1074.8121,16.764654
808,1e-05,37.115897,24763.985,1280.7243,33268.811,1688.8557,12.970806,0,204.80816,2306.1954,0.67985525,0.21858827,0,7.8299757,37.750237,687.0608,21.827848,738.10003,23.92382,208.66786,15.558487,217.1318,16.329965,940.27355,15.165597,1074.8121,16.764654
809,1e-05,37.334387,24998.655,1282.677,33296.891,1688.0292,13.00523,0,207.67555,2311.7244,0.68096999,0.21864496,0,7.8287842,37.760848,688.96168,21.853604,738.10003,23.92382,208.86644,15.578269,217.1318,16.329965,942.65615,15.181301,1074.8121,16.764654
810,1e-05,37.187798,24861.395,1276.8614,33316.993,1690.6869,12.990839,0,206.68316,2309.3605,0.67977508,0.21922125,0,7.9502418,37.834711,686.55116,21.843557,738.10003,23.92382,208.5087,15.591715,217.1318,16.329965,952.43779,15.14688,1074.8121,16.764654
811,1e-05,37.246906,24818.998,1275.9403,33377.163,1691.2629,13.017433,0,209.69763,2313.4284,0.67541724,0.21945545,0,8.0021449,37.864081,681.25313,21.655144,738.10003,23.92382,207.05577,15.466993,217.1318,16.329965,934.7546,15.10559,1074.8121,16.764654
812,1e-05,37.460237,25012.727,1283.1614,33351.324,1689.3116,13.056547,0,214.90169,2319.2155,0.6793729,0.21901674,0,7.9587748,37.795356,685.8189,21.840331,738.10003,23.92382,207.96561,15.542024,217.1318,16.329965,947.10817,15.161949,1074.8121,16.764654
813,1e-05,37.089422,24783.504,1274.4443,33229.132,1686.3093,12.97577,0,202.95875,2307.5688,0.67887405,0.21869555,0,7.839497,37.76732,685.63854,21.762117,738.10003,23.92382,208.75654,15.560037,217.1318,16.329965,947.86702,15.209784,1074.8121,16.764654
814,1e-05,37.245675,24858.584,1281.9811,33330.472,1691.3813,13.012306,0,208.33481,2312.8431,0.6748115,0.21872904,0,7.9014893,37.757628,679.91349,21.641497,738.10003,23.92382,206.66667,15.451615,217.1318,16.329965,933.69125,15.140605,1074.8121,16.764654
815,1e-05,37.081149,24782.046,1270.0116,33260.34,1686.3399,12.983005,0,203.42435,2308.7656,0.68005049,0.218855,0,7.8543903,37.792519,688.53028,21.83522,738.10003,23.92382,208.70809,15.570263,217.1318,16.329965,947.50536,15.200018,1074.8121,16.764654
816,1e-05,37.199594,24823.801,1276.1304,33271.826,1687.3952,13.031464,0,212.12628,2315.3613,0.68081245,0.21984166,0,8.0955355,37.91053,688.87855,21.918791,738.10003,23.92382,207.77431,15.543588,217.1318,16.329965,952.10136,15.127414,1074.8121,16.764654
817,1e-05,37.348675,24943.408,1281.686,33295.361,1688.4618,13.035427,0,212.7231,2315.9299,0.67991077,0.21925312,0,8.0110452,37.825029,685.57698,21.837263,738.10003,23.92382,207.53398,15.53063,217.1318,16.329965,936.58951,15.126665,1074.8121,16.764654
818,1e-05,37.186254,24869.4,1277.3706,33330.502,1690.0592,13.011518,0,208.37743,2312.689,0.6805308,0.21963665,0,8.008179,37.895491,688.90508,21.815955,738.10003,23.92382,207.85797,15.510047,217.1318,16.329965,935.42403,15.031718,1074.8121,16.764654
819,1e-05,37.176691,24779.159,1272.2048,33303.57,1688.7259,13.020266,0,209.39467,2314.0207,0.6838608,0.21959829,0,8.0165804,37.886378,691.96451,21.850304,738.10003,23.92382,209.31408,15.594013,217.1318,16.329965,934.60193,15.212431,1074.8121,16.764654
820,1e-05,37.484817,25110.778,1292.6112,33437.246,1694.7793,13.045861,0,216.4027,2316.8905,0.67390431,0.21873606,0,7.8871505,37.762554,679.35676,21.644545,738.10003,23.92382,206.83703,15.448541,217.1318,16.329965,940.1879,15.12443,1074.8121,16.764654
821,1e-05,37.366248,25001.432,1282.3894,33356.662,1690.6282,13.03212,0,211.54082,2315.6296,0.67775316,0.21639825,0,7.4235055,37.455517,684.51156,21.67387,738.10003,23.92382,207.79262,15.523856,217.1318,16.329965,930.84801,15.396744,1074.8121,16.764654
822,1e-05,37.308528,24985.605,1280.4002,33331.078,1689.9536,13.021414,0,208.70518,2314.4049,0.67932178,0.21899547,0,7.8848169,37.810314,687.88498,21.768201,738.10003,23.92382,207.99734,15.501845,217.1318,16.329965,938.09134,15.074761,1074.8121,16.764654
823,1e-05,37.635067,25183.263,1291.3016,33345.819,1692.0219,13.09594,0,219.24624,2325.2719,0.67685645,0.21851694,0,7.8403414,37.73463,682.33795,21.729525,738.10003,23.92382,206.95446,15.470168,217.1318,16.329965,935.07956,15.108091,1074.8121,16.764654
824,1e-05,37.290606,24968.765,1288.0223,33359.083,1693.3382,13.000177,0,208.71536,2310.5409,0.67450572,0.21813021,0,7.7556863,37.685862,678.98061,21.712618,738.10003,23.92382,207.75166,15.535762,217.1318,16.329965,943.48654,15.021677,1074.8121,16.764654
825,1e-05,37.267994,24948.127,1283.1438,33312.467,1688.0734,13.005668,0,208.92344,2311.4864,0.67967688,0.21854438,0,7.8328461,37.741527,686.65314,21.859152,738.10003,23.92382,208.40836,15.542239,217.1318,16.329965,943.26529,15.110354,1074.8121,16.764654
826,1e-05,37.352547,24979.7,1277.7235,33328.934,1691.0419,13.024213,0,209.7624,2314.6447,0.68183957,0.21964898,0,8.0260104,37.893194,691.23762,21.895972,738.10003,23.92382,207.77313,15.502738,217.1318,16.329965,940.61455,15.060333,1074.8121,16.764654
827,1e-05,37.335754,25046.4,1282.3341,33400.815,1693.1537,13.035965,0,213.80461,2315.7525,0.67559403,0.2187529,0,7.8918831,37.76441,680.4347,21.665667,738.10003,23.92382,207.15178,15.481476,217.1318,16.329965,937.62081,15.167465,1074.8121,16.764654
828,1e-05,37.37382,24983.751,1282.8068,33338.508,1692.0501,13.045892,0,216.50574,2316.8698,0.6844218,0.2196844,0,8.06531,37.889629,692.46821,22.032784,738.10003,23.92382,209.03237,15.608048,217.1318,16.329965,951.25018,15.055848,1074.8121,16.764654
829,1e-05,37.513198,25127.723,1285.5193,33405.796,1692.335,13.076731,0,216.12155,2322.5747,0.68720612,0.21897463,0,7.8235964,37.822109,698.4802,22.132558,738.10003,23.92382,211.73922,15.732632,217.1318,16.329965,955.08927,15.202217,1074.8121,16.764654
830,1e-05,37.238171,24860.38,1283.5542,33324.641,1692.3518,13.04019,0,214.18531,2316.4237,0.67736892,0.21862818,0,7.8581685,37.750317,684.31277,21.7785,738.10003,23.92382,207.57954,15.492794,217.1318,16.329965,936.3994,15.041264,1074.8121,16.764654
831,1e-05,37.152368,24888.053,1276.6373,33281.946,1685.9299,12.998392,0,208.82344,2310.189,0.68348319,0.21623774,0,7.4306905,37.424505,688.52526,21.878652,738.10003,23.92382,209.85944,15.672193,217.1318,16.329965,940.75678,15.555804,1074.8121,16.764654
832,1e-05,37.182132,24887.331,1285.0611,33231.644,1684.3513,12.965953,0,203.45578,2305.6573,0.67776204,0.21853839,0,7.8124573,37.745629,686.07806,21.737453,738.10003,23.92382,208.69507,15.566072,217.1318,16.329965,943.71089,15.268057,1074.8121,16.764654
833,1e-05,37.251541,24922.885,1280.6643,33288.525,1687.3424,12.993031,0,207.18809,2309.6306,0.6820664,0.21954574,0,7.9625574,37.890575,690.79178,21.913195,738.10003,23.92382,209.17534,15.595851,217.1318,16.329965,952.4977,15.103161,1074.8121,16.764654
834,1e-05,37.275011,24905.069,1282.493,33378.458,1691.5473,13.046765,0,215.37452,2317.3166,0.67695454,0.21845183,0,7.8294277,37.72557,683.36057,21.752921,738.10003,23.92382,208.13564,15.524833,217.1318,16.329965,938.41463,15.083079,1074.8121,16.764654
835,1e-05,37.238229,24861.861,1274.7834,33323.043,1688.2657,13.035913,0,212.04023,2316.1921,0.67308586,0.21787921,0,7.6951207,37.655645,678.69269,21.56875,738.10003,23.92382,206.6174,15.442902,217.1318,16.329965,927.83272,15.204698,1074.8121,16.764654
836,1e-05,36.990571,24714.979,1277.9146,33297.513,1689.5072,12.915298,0,194.67353,2298.6827,0.67800725,0.21886618,0,7.8808019,37.787828,686.35874,21.737244,738.10003,23.92382,208.24475,15.536801,217.1318,16.329965,939.09011,15.133851,1074.8121,16.764654
837,1e-05,37.522272,25199.581,1288.293,33308.565,1689.3692,13.060414,0,215.84698,2319.6779,0.68038656,0.21949396,0,7.9756405,37.87783,687.39352,21.871348,738.10003,23.92382,208.5711,15.577902,217.1318,16.329965,951.32461,15.173767,1074.8121,16.764654
838,1e-05,37.414955,24996.585,1286.0524,33203.497,1685.5307,13.041315,0,215.07276,2316.4024,0.67802209,0.21867419,0,7.8750641,37.754382,684.74627,21.739739,738.10003,23.92382,207.48911,15.485249,217.1318,16.329965,928.15544,15.163333,1074.8121,16.764654
839,1e-05,37.207009,24877.668,1279.0428,33293.993,1687.4613,13.014533,0,210.78993,2312.6231,0.67816554,0.21882922,0,7.8872769,37.779461,684.86671,21.80196,738.10003,23.92382,207.78096,15.515343,217.1318,16.329965,939.15177,15.102186,1074.8121,16.764654
840,1e-05,37.210565,24858.63,1273.7059,33312.938,1688.7521,12.986859,0,203.73543,2309.3872,0.67467692,0.21808369,0,7.7222896,37.685907,679.9284,21.647868,738.10003,23.92382,207.71691,15.5062,217.1318,16.329965,937.59591,15.143485,1074.8121,16.764654
841,1e-05,37.380488,24953.526,1288.1516,33294.104,1687.8727,13.039816,0,215.38067,2316.0515,0.67475258,0.21881906,0,7.8861706,37.777896,680.59607,21.685101,738.10003,23.92382,206.78602,15.465888,217.1318,16.329965,934.94213,15.111651,1074.8121,16.764654
842,1e-05,37.213893,24949.635,1278.278,33344.793,1690.5077,13.024467,0,211.4702,2314.2561,0.67716974,0.2192626,0,7.9572186,37.840454,684.31101,21.711306,738.10003,23.92382,207.70912,15.501462,217.1318,16.329965,940.58868,15.133049,1074.8121,16.764654
843,1e-05,37.394876,25109.061,1282.9217,33272.843,1687.089,13.025,0,209.59627,2314.8301,0.68178021,0.21907274,0,7.9271255,37.813594,688.31699,21.926247,738.10003,23.92382,208.46328,15.561668,217.1318,16.329965,944.50197,15.177235,1074.8121,16.764654
844,1e-05,37.201067,24907.158,1275.9663,33350.55,1689.5707,13.016213,0,209.38088,2313.2872,0.67359265,0.21808716,0,7.7435912,37.681117,678.65989,21.620613,738.10003,23.92382,206.33793,15.435577,217.1318,16.329965,936.29172,15.246075,1074.8121,16.764654
845,1e-05,37.151167,24828.21,1280.9371,33384.822,1693.6995,12.987698,0,207.19563,2308.6589,0.67781755,0.21872361,0,7.8750107,37.763381,685.36737,21.747464,738.10003,23.92382,207.69408,15.520355,217.1318,16.329965,939.57069,15.158004,1074.8121,16.764654
846,1e-05,37.394553,24995.259,1282.7632,33306.588,1689.4118,13.043637,0,216.43455,2316.4779,0.67407209,0.21945834,0,8.0428444,37.854247,678.85976,21.662262,738.10003,23.92382,206.52483,15.456208,217.1318,16.329965,940.08191,15.143248,1074.8121,16.764654
847,1e-05,37.375349,24981.219,1280.2414,33394.463,1693.1523,13.054348,0,216.25299,2318.4717,0.678348,0.21879411,0,7.9197482,37.764812,686.61703,21.750931,738.10003,23.92382,207.07303,15.483244,217.1318,16.329965,931.56147,15.228027,1074.8121,16.764654
848,1e-05,37.563653,25146.513,1296.5855,33244.467,1687.3458,13.066095,0,220.49395,2319.5279,0.67780696,0.21871526,0,7.8528662,37.767501,684.03644,21.717187,738.10003,23.92382,208.13867,15.53214,217.1318,16.329965,935.55891,15.179717,1074.8121,16.764654
849,1e-05,37.16728,24869.1,1277.3685,33281.815,1686.8798,12.999721,0,205.4973,2311.2772,0.68153098,0.21891032,0,7.858679,37.801487,689.24459,21.878329,738.10003,23.92382,209.56071,15.598484,217.1318,16.329965,938.93633,15.188227,1074.8121,16.764654
850,1e-05,37.02017,24632.177,1270.0361,33243.014,1686.4158,12.986817,0,203.63858,2309.4042,0.6790683,0.21928927,0,7.9510289,37.846877,686.41037,21.803987,738.10003,23.92382,207.85083,15.528366,217.1318,16.329965,946.13368,15.15017,1074.8121,16.764654
851,1e-05,37.139795,24750.238,1270.3602,33255.212,1686.3428,13.000521,0,209.06432,2310.5148,0.67948422,0.21873209,0,7.8646364,37.767564,686.52464,21.84455,738.10003,23.92382,207.94247,15.546181,217.1318,16.329965,944.9808,15.155595,1074.8121,16.764654
852,1e-05,37.428345,25138.947,1286.0777,33337.143,1691.1271,13.002603,0,207.94256,2311.1789,0.67886198,0.21784253,0,7.6987471,37.648052,685.99161,21.753834,738.10003,23.92382,208.05722,15.520321,217.1318,16.329965,934.48617,15.305651,1074.8121,16.764654
853,1e-05,37.355274,25006.429,1279.6084,33375.28,1691.8614,13.045312,0,214.19029,2317.3537,0.67721369,0.21877523,0,7.864908,37.775337,683.69643,21.70671,738.10003,23.92382,207.56849,15.494014,217.1318,16.329965,940.38906,15.21096,1074.8121,16.764654
854,1e-05,37.245721,24833.56,1276.5393,33258.387,1686.8318,12.984216,0,206.87131,2308.1084,0.6769475,0.21815408,0,7.7656058,37.68768,684.02286,21.718991,738.10003,23.92382,208.10204,15.531229,217.1318,16.329965,938.17617,15.194952,1074.8121,16.764654
855,1e-05,37.295005,24994.709,1286.5525,33292.781,1690.2919,12.984535,0,205.26243,2308.5759,0.67988919,0.21920289,0,7.9571103,37.829626,686.75689,21.804533,738.10003,23.92382,208.04296,15.528668,217.1318,16.329965,935.59257,15.151127,1074.8121,16.764654
856,1e-05,37.156247,24883.773,1279.7435,33277.59,1687.8065,12.980519,0,203.19852,2308.3711,0.67749788,0.21822613,0,7.776644,37.697969,685.02485,21.742619,738.10003,23.92382,207.79727,15.520629,217.1318,16.329965,934.59466,15.211859,1074.8121,16.764654
857,1e-05,37.551609,25181.972,1291.9614,33459.684,1696.1793,13.047222,0,213.95951,2317.7597,0.67747417,0.21873477,0,7.8719673,37.766186,684.50378,21.752849,738.10003,23.92382,207.98374,15.517324,217.1318,16.329965,934.55219,15.087531,1074.8121,16.764654
858,1e-05,37.341934,24968.441,1282.8065,33304.694,1688.8117,13.015376,0,209.39339,2313.1319,0.67694802,0.21824262,0,7.7347239,37.711638,685.75417,21.695805,738.10003,23.92382,209.26156,15.584995,217.1318,16.329965,945.10768,15.267965,1074.8121,16.764654
859,1e-05,37.192925,24842.829,1278.332,33318.39,1691.7039,13.016372,0,210.02724,2313.1517,0.68028637,0.21967272,0,8.0765284,37.88465,687.8263,21.825618,738.10003,23.92382,207.47516,15.524538,217.1318,16.329965,942.58927,15.139029,1074.8121,16.764654
860,1e-05,37.192367,24861.889,1281.6071,33229.543,1687.1537,12.995576,0,206.19985,2310.3448,0.68151458,0.21919776,0,7.9182352,37.838588,688.30956,21.897299,738.10003,23.92382,209.01342,15.611114,217.1318,16.329965,945.13592,15.130469,1074.8121,16.764654
861,1e-05,37.049773,24712.919,1270.3271,33327.393,1689.8526,12.984048,0,204.8581,2308.5903,0.68065219,0.2183141,0,7.7380418,37.72379,686.78862,21.861208,738.10003,23.92382,210.09037,15.647604,217.1318,16.329965,945.46466,15.204068,1074.8121,16.764654
862,1e-05,37.447116,24986.162,1284.3247,33298.015,1686.5586,13.061627,0,215.86886,2319.8928,0.67413128,0.21791411,0,7.7159549,37.656686,680.17219,21.6486,738.10003,23.92382,207.64576,15.499791,217.1318,16.329965,929.46651,15.096874,1074.8121,16.764654
863,1e-05,37.224674,24809.2,1275.3028,33367.048,1690.3343,13.021692,0,212.31311,2313.537,0.68094496,0.21920824,0,7.963205,37.829047,688.58212,21.895765,738.10003,23.92382,208.93356,15.588732,217.1318,16.329965,949.75455,15.174821,1074.8121,16.764654
864,1e-05,37.273605,24924.95,1285.3318,33294.294,1690.2921,13.015928,0,209.5795,2313.1848,0.67864826,0.21861306,0,7.8483112,37.750076,686.6883,21.771447,738.10003,23.92382,207.82181,15.504943,217.1318,16.329965,929.04086,15.083927,1074.8121,16.764654
865,1e-05,37.403459,25025.026,1286.0643,33335.14,1691.521,13.02455,0,213.3494,2313.7929,0.68872986,0.2187246,0,7.829598,37.77512,701.59128,22.092102,738.10003,23.92382,210.69638,15.699597,217.1318,16.329965,955.6502,15.487049,1074.8121,16.764654
866,1e-05,37.272046,24945.253,1276.4967,33307.147,1687.2646,13.009332,0,208.3657,2312.2945,0.67839925,0.21877403,0,7.8771288,37.77201,686.1834,21.766815,738.10003,23.92382,208.34117,15.540164,217.1318,16.329965,944.79895,15.133794,1074.8121,16.764654
867,1e-05,37.22647,24857.578,1286.6314,33306.322,1688.614,12.998436,0,209.26218,2310.0852,0.67977506,0.2182987,0,7.7451158,37.719189,688.23875,21.740485,738.10003,23.92382,208.71709,15.536906,217.1318,16.329965,938.06256,15.257112,1074.8121,16.764654
868,1e-05,37.345991,24983.137,1284.7842,33424.211,1692.8268,13.003018,0,208.03321,2311.2311,0.67770669,0.21857396,0,7.8021888,37.754709,685.16142,21.767271,738.10003,23.92382,207.98349,15.518799,217.1318,16.329965,939.17821,15.111705,1074.8121,16.764654
869,1e-05,37.0867,24742.466,1271.0263,33183.914,1684.4223,13.023983,0,208.10376,2315.025,0.68174424,0.21594348,0,7.337125,37.39482,688.53749,21.839842,738.10003,23.92382,210.52291,15.726289,217.1318,16.329965,937.61808,15.67277,1074.8121,16.764654
870,1e-05,37.276336,24881.134,1283.3146,33320.564,1690.535,13.069382,0,215.05642,2321.5096,0.67916248,0.21846956,0,7.8401055,37.726076,686.02993,21.77056,738.10003,23.92382,207.99821,15.536304,217.1318,16.329965,936.37524,15.190398,1074.8121,16.764654
871,1e-05,37.113417,24795.652,1278.2319,33334.237,1689.2335,12.990016,0,205.49111,2309.5142,0.68266313,0.21970826,0,8.0606739,37.895149,690.84454,21.878306,738.10003,23.92382,207.58908,15.500229,217.1318,16.329965,941.4426,15.181405,1074.8121,16.764654
872,1e-05,37.401141,25048.821,1284.0217,33379.244,1693.4728,13.044199,0,214.26236,2317.133,0.6800303,0.21857659,0,7.8332205,37.747288,689.19806,21.862739,738.10003,23.92382,208.93031,15.574272,217.1318,16.329965,942.77008,15.124285,1074.8121,16.764654
873,1e-05,37.003037,24628.97,1265.0002,33298.348,1689.5524,12.973527,0,202.7446,2307.2154,0.67861011,0.21874813,0,7.8838925,37.765577,685.79155,21.74705,738.10003,23.92382,208.04285,15.519151,217.1318,16.329965,938.56456,15.18428,1074.8121,16.764654
874,1e-05,37.057258,24667.291,1271.3375,33309.364,1689.5328,12.98844,0,207.49333,2308.718,0.67945108,0.21848149,0,7.7888467,37.741291,686.88511,21.782643,738.10003,23.92382,209.6547,15.599089,217.1318,16.329965,943.08531,15.136714,1074.8121,16.764654
875,1e-05,37.388904,25033.059,1283.7859,33373.263,1693.1284,13.045258,0,215.08993,2317.1149,0.68032031,0.21912146,0,7.9635122,37.81319,687.14952,21.906647,738.10003,23.92382,208.4622,15.564129,217.1318,16.329965,947.85712,15.017509,1074.8121,16.764654
876,1e-05,37.110464,24838.881,1280.1078,33246.169,1687.7185,12.961503,0,204.43361,2304.5992,0.67821116,0.21813093,0,7.7465011,37.688333,683.76539,21.749473,738.10003,23.92382,208.28986,15.5506,217.1318,16.329965,941.21124,15.1952,1074.8121,16.764654
877,1e-05,37.172547,24815.292,1278.4841,33177.264,1684.4375,13.001363,0,208.10443,2310.9121,0.67800259,0.21836981,0,7.7683761,37.726197,684.63229,21.7375,738.10003,23.92382,208.47723,15.535167,217.1318,16.329965,935.44874,15.130534,1074.8121,16.764654
878,1e-05,37.234541,24856.08,1280.7526,33274.35,1686.9698,13.003296,0,208.69814,2311.1126,0.6768299,0.21891414,0,7.9102165,37.789061,683.33978,21.723738,738.10003,23.92382,207.38862,15.475411,217.1318,16.329965,941.96601,15.043619,1074.8121,16.764654
879,1e-05,37.213935,24837.704,1279.9161,33332.936,1691.8297,13.021071,0,209.14763,2314.2299,0.67545767,0.21895199,0,7.9290601,37.791146,681.80752,21.698358,738.10003,23.92382,206.52049,15.416981,217.1318,16.329965,930.17136,14.945589,1074.8121,16.764654
880,1e-05,37.38283,24964.046,1282.7319,33393.292,1694.1196,13.0394,0,212.54523,2316.6976,0.68121323,0.21933008,0,7.9854062,37.845547,688.86787,21.878345,738.10003,23.92382,207.43643,15.48019,217.1318,16.329965,937.129,15.132016,1074.8121,16.764654
881,1e-05,37.115767,24716.408,1274.8935,33339.033,1692.0706,13.040648,0,211.98707,2317.0666,0.6819404,0.219119,0,7.8911777,37.831155,690.46135,21.916233,738.10003,23.92382,208.82664,15.5384,217.1318,16.329965,940.62244,14.96547,1074.8121,16.764654
882,1e-05,37.268452,24965.853,1279.9612,33320.952,1689.8461,12.973162,0,205.16773,2306.5323,0.67570471,0.21802429,0,7.7448515,37.669362,683.381,21.701473,738.10003,23.92382,207.85482,15.523924,217.1318,16.329965,941.26855,15.280467,1074.8121,16.764654
883,1e-05,37.241931,24941.461,1278.4134,33313.549,1688.07,13.010682,0,210.75541,2311.9318,0.67471189,0.21892633,0,7.9445132,37.782548,679.26423,21.676134,738.10003,23.92382,206.56807,15.43592,217.1318,16.329965,931.98877,15.048024,1074.8121,16.764654
884,1e-05,37.277989,24919.311,1280.047,33246.466,1686.6875,12.995347,0,206.16463,2310.3121,0.67717484,0.21858648,0,7.812214,37.754433,684.31217,21.715973,738.10003,23.92382,208.29182,15.505004,217.1318,16.329965,937.25098,15.046514,1074.8121,16.764654
885,1e-05,37.26837,24935.154,1282.7926,33275.307,1690.999,13.040274,0,211.87706,2317.0266,0.67974652,0.21943843,0,7.9731127,37.868377,685.27363,21.76921,738.10003,23.92382,207.66753,15.506332,217.1318,16.329965,939.32683,15.119921,1074.8121,16.764654
886,1e-05,37.30102,25000.33,1283.6043,33301.053,1688.854,12.981066,0,205.17815,2307.9666,0.67753788,0.21890353,0,7.9399753,37.779558,682.406,21.819379,738.10003,23.92382,207.91058,15.54002,217.1318,16.329965,941.81051,15.013864,1074.8121,16.764654
887,1e-05,37.225732,24900.703,1271.411,33346.137,1692.2663,13.022931,0,208.75749,2314.6673,0.67780363,0.21929631,0,7.9955913,37.836816,682.89263,21.785874,738.10003,23.92382,207.24579,15.491556,217.1318,16.329965,943.32958,15.051407,1074.8121,16.764654
888,1e-05,37.180551,24840.091,1273.0066,33324.937,1690.5424,13.052438,0,213.19839,2318.9019,0.67943911,0.21862596,0,7.8438715,37.753553,687.25936,21.797376,738.10003,23.92382,208.41952,15.543209,217.1318,16.329965,944.04909,15.198869,1074.8121,16.764654
889,1e-05,37.186979,24885.692,1277.4966,33334.549,1690.5863,13.012679,0,210.15181,2312.4484,0.68130223,0.21909468,0,7.9222902,37.818814,689.58624,21.837516,738.10003,23.92382,208.33483,15.514191,217.1318,16.329965,934.99997,15.126469,1074.8121,16.764654
890,1e-05,37.146603,24759.734,1275.2797,33249.56,1687.2261,13.035991,0,214.95348,2315.4648,0.67566555,0.21865325,0,7.8787868,37.749627,680.39196,21.694977,738.10003,23.92382,207.36764,15.491178,217.1318,16.329965,936.47501,15.107475,1074.8121,16.764654
891,1e-05,37.002446,24626.678,1265.1462,33172.26,1684.4712,13.030863,0,208.37513,2316.2069,0.67612112,0.21901231,0,7.9406476,37.799165,682.15123,21.724767,738.10003,23.92382,207.60021,15.500702,217.1318,16.329965,945.87464,15.215758,1074.8121,16.764654
892,1e-05,37.611626,25239.119,1296.1364,33215.571,1685.2891,13.062787,0,220.34492,2318.9644,0.68474719,0.2186094,0,7.8089993,37.759419,695.70811,22.007439,738.10003,23.92382,210.21916,15.650601,217.1318,16.329965,950.2021,15.260492,1074.8121,16.764654
893,1e-05,37.097953,24754.783,1270.456,33339.873,1689.4194,13.030004,0,209.01175,2315.8886,0.68237407,0.21869555,0,7.8502426,37.764584,689.56829,21.94728,738.10003,23.92382,208.98613,15.596393,217.1318,16.329965,934.49801,15.283324,1074.8121,16.764654
894,1e-05,37.267033,24900.53,1283.5282,33305.585,1690.5056,13.013685,0,210.47224,2312.5497,0.68874452,0.21835359,0,7.7404286,37.730361,697.28664,22.113205,738.10003,23.92382,210.48548,15.712933,217.1318,16.329965,956.62505,15.469249,1074.8121,16.764654
895,1e-05,37.426705,25080.151,1289.3286,33303.358,1688.9167,13.060342,0,219.12104,2318.8313,0.67396259,0.21827687,0,7.7784303,37.70674,679.83404,21.629621,738.10003,23.92382,206.02215,15.407785,217.1318,16.329965,930.70713,15.174381,1074.8121,16.764654
896,1e-05,37.098913,24799.679,1271.5853,33227.914,1684.5234,12.988888,0,205.67299,2309.2628,0.67746533,0.2185877,0,7.7755324,37.763992,684.49122,21.700882,738.10003,23.92382,208.40264,15.511642,217.1318,16.329965,932.51913,15.070371,1074.8121,16.764654
897,1e-05,37.283055,24942.463,1284.8934,33367.024,1692.3299,13.026804,0,210.76266,2314.8611,0.67949067,0.21845983,0,7.8217936,37.728967,686.30843,21.884011,738.10003,23.92382,208.71005,15.586509,217.1318,16.329965,944.32443,15.092489,1074.8121,16.764654
898,1e-05,37.389443,25038.96,1285.8298,33349.068,1692.1036,13.027149,0,210.82192,2314.9088,0.67900953,0.21829442,0,7.7775609,37.710151,686.95404,21.8002,738.10003,23.92382,208.44829,15.523084,217.1318,16.329965,929.88883,15.017002,1074.8121,16.764654
899,1e-05,37.36558,24968.963,1281.0037,33253.976,1685.3529,13.055666,0,217.76584,2318.3261,0.67307304,0.21803901,0,7.7553818,37.66936,679.0457,21.607114,738.10003,23.92382,206.97489,15.452913,217.1318,16.329965,926.00427,15.05006,1074.8121,16.764654
900,1e-05,37.360735,25000.775,1292.2026,33325.548,1689.4649,13.008197,0,210.60484,2311.5183,0.677193,0.21852052,0,7.814979,37.741735,683.30357,21.762018,738.10003,23.92382,208.03597,15.522646,217.1318,16.329965,935.47483,15.047869,1074.8121,16.764654
901,1e-05,37.416567,25044.435,1283.9727,33245.278,1684.9832,13.092744,0,216.74694,2325.3269,0.6740236,0.21830669,0,7.8326728,37.698355,680.23094,21.615447,738.10003,23.92382,206.11601,15.422737,217.1318,16.329965,923.7244,15.139384,1074.8121,16.764654
902,1e-05,37.142078,24775.38,1275.7125,33318.85,1689.971,12.989725,0,205.35321,2309.4964,0.6765806,0.21841354,0,7.8083067,37.723983,682.90604,21.78404,738.10003,23.92382,207.86281,15.506071,217.1318,16.329965,941.13511,14.969179,1074.8121,16.764654
903,1e-05,37.265623,24902.113,1276.9383,33299.147,1687.6303,13.024668,0,207.32059,2315.349,0.68781494,0.21850071,0,7.7697684,37.749642,698.06462,22.089103,738.10003,23.92382,210.32739,15.693701,217.1318,16.329965,954.47585,15.544941,1074.8121,16.764654
904,1e-05,37.47458,25109.163,1294.0394,33317.542,1690.7717,13.030789,0,213.82267,2314.8068,0.6767759,0.21714635,0,7.5618211,37.556328,682.19781,21.728943,738.10003,23.92382,208.14587,15.569509,217.1318,16.329965,941.82865,15.231617,1074.8121,16.764654
905,1e-05,37.423517,25038.015,1285.1226,33224.057,1688.3373,13.049768,0,213.4657,2318.3483,0.6770286,0.21805843,0,7.7398294,37.676848,683.74362,21.769326,738.10003,23.92382,207.0268,15.456468,217.1318,16.329965,935.72738,15.108582,1074.8121,16.764654
906,1e-05,37.242973,24890.108,1278.0808,33322.58,1688.3941,13.054655,0,215.93216,2318.6091,0.68531364,0.21609395,0,7.3680983,37.414294,692.09093,21.883399,738.10003,23.92382,210.05362,15.672184,217.1318,16.329965,943.74901,15.686822,1074.8121,16.764654
907,1e-05,37.194971,24832.094,1279.7396,33239.197,1686.4341,13.014273,0,207.25693,2313.4752,0.68062949,0.21768451,0,7.6457327,37.632815,687.32914,21.845733,738.10003,23.92382,209.29216,15.624537,217.1318,16.329965,944.29151,15.194022,1074.8121,16.764654
908,1e-05,37.159455,24810.29,1279.6908,33277.921,1689.0304,12.978042,0,202.73895,2308.0377,0.67623181,0.21825995,0,7.7616233,37.707942,683.02332,21.707484,738.10003,23.92382,207.52923,15.478406,217.1318,16.329965,931.44662,15.143267,1074.8121,16.764654
909,1e-05,37.182291,24832.081,1278.4422,33269.935,1688.8187,12.995987,0,207.92876,2309.9794,0.67438451,0.21905529,0,7.9828138,37.796246,678.67956,21.618019,738.10003,23.92382,205.74625,15.393803,217.1318,16.329965,932.72304,15.12939,1074.8121,16.764654
910,1e-05,37.236347,24844.107,1276.5104,33389.74,1692.2941,13.039927,0,213.85401,2316.4603,0.67528837,0.21843594,0,7.7931045,37.731927,680.7825,21.659177,738.10003,23.92382,207.47242,15.476422,217.1318,16.329965,943.67744,15.18876,1074.8121,16.764654
911,1e-05,37.184201,24878.418,1275.3746,33310.041,1689.2379,13.009858,0,207.16508,2312.6957,0.67578231,0.21795356,0,7.6721835,37.675001,683.33933,21.634947,738.10003,23.92382,208.02511,15.479324,217.1318,16.329965,933.54822,15.110003,1074.8121,16.764654
912,1e-05,37.325259,24975.409,1280.4683,33265.394,1687.6347,13.062325,0,213.16854,2320.7071,0.6769293,0.21824365,0,7.7441074,37.709436,684.58313,21.65854,738.10003,23.92382,207.83285,15.496577,217.1318,16.329965,935.37743,15.176781,1074.8121,16.764654
913,1e-05,37.375552,25004.131,1289.8919,33258.292,1688.5334,13.047053,0,212.47579,2318.1067,0.67994221,0.21906677,0,7.9213015,37.81399,688.33471,21.838338,738.10003,23.92382,207.44821,15.489118,217.1318,16.329965,938.27769,15.050096,1074.8121,16.764654
914,1e-05,37.083738,24800.488,1280.3427,33261.986,1685.1076,12.972877,0,204.86975,2306.5563,0.67829471,0.21857477,0,7.8490225,37.742934,686.76158,21.843167,738.10003,23.92382,207.58864,15.509968,217.1318,16.329965,938.86969,15.040564,1074.8121,16.764654
915,1e-05,37.246581,24870.075,1279.6522,33321.179,1688.7051,13.033492,0,211.94725,2315.7755,0.67948465,0.21864443,0,7.840902,37.757668,688.49715,21.806535,738.10003,23.92382,208.11572,15.523562,217.1318,16.329965,936.29127,15.104042,1074.8121,16.764654
916,1e-05,37.115626,24768.46,1273.4362,33307.987,1688.8831,13.019087,0,209.16439,2313.8649,0.67351219,0.21819517,0,7.8121796,37.683294,678.95924,21.630513,738.10003,23.92382,206.09339,15.407136,217.1318,16.329965,922.37549,14.962365,1074.8121,16.764654
917,1e-05,37.311737,24910.557,1283.946,33346.643,1690.187,13.017527,0,209.27436,2313.5533,0.6787752,0.21847498,0,7.816708,37.733016,687.19633,21.802417,738.10003,23.92382,207.13229,15.471968,217.1318,16.329965,930.37632,15.081945,1074.8121,16.764654
918,1e-05,37.285354,25020.106,1279.8076,33355.236,1691.1823,13.035132,0,212.86241,2315.8409,0.67737793,0.21806859,0,7.7080676,37.686781,684.11588,21.718896,738.10003,23.92382,208.9889,15.551506,217.1318,16.329965,929.563,14.999468,1074.8121,16.764654
919,1e-05,37.230032,24895.165,1275.5015,33220.688,1683.6373,12.984288,0,206.02672,2308.3366,0.68098267,0.21835331,0,7.7752043,37.72146,692.22059,21.892451,738.10003,23.92382,209.2916,15.611885,217.1318,16.329965,947.22823,15.19893,1074.8121,16.764654
920,1e-05,37.233857,24873.429,1282.3573,33327.531,1690.2253,13.020598,0,208.84122,2314.222,0.67766067,0.21907053,0,7.8919649,37.822142,685.28167,21.677047,738.10003,23.92382,208.03018,15.50336,217.1318,16.329965,938.73448,15.070494,1074.8121,16.764654
921,1e-05,37.385614,24924.026,1277.718,33306.845,1690.1864,13.058953,0,217.11439,2319.0896,0.6794634,0.21795538,0,7.6902093,37.670743,688.36822,21.825125,738.10003,23.92382,209.3318,15.581404,217.1318,16.329965,932.43306,15.151222,1074.8121,16.764654
922,1e-05,37.347528,25060.281,1282.1417,33315.867,1690.3511,13.039383,0,213.46438,2316.4605,0.67734173,0.2191397,0,7.9297865,37.825091,684.01774,21.661865,738.10003,23.92382,208.29528,15.548411,217.1318,16.329965,938.29098,15.136615,1074.8121,16.764654
923,1e-05,37.168176,24838.74,1276.9387,33294.849,1689.9048,12.989715,0,205.20778,2309.5317,0.67402149,0.21836594,0,7.8121177,37.714359,680.86457,21.687605,738.10003,23.92382,206.90389,15.476275,217.1318,16.329965,936.43888,15.11798,1074.8121,16.764654
924,1e-05,37.206448,24829.809,1276.7284,33266.703,1687.1106,13.004402,0,209.40441,2311.1339,0.67905465,0.21756811,0,7.655581,37.609144,686.26631,21.783272,738.10003,23.92382,208.53534,15.554916,217.1318,16.329965,928.3042,15.165088,1074.8121,16.764654
925,1e-05,37.139499,24768.305,1279.4073,33291.606,1689.0652,12.99449,0,206.23311,2310.1388,0.67751773,0.2186299,0,7.8754964,37.746219,684.53615,21.792964,738.10003,23.92382,208.01897,15.536405,217.1318,16.329965,934.69135,15.031448,1074.8121,16.764654
926,1e-05,37.212822,24949.741,1281.7567,33247.295,1686.8418,12.939937,0,201.09106,2301.529,0.68329899,0.21844065,0,7.7456438,37.744863,691.77311,21.880302,738.10003,23.92382,210.99742,15.683273,217.1318,16.329965,942.31954,15.289887,1074.8121,16.764654
927,1e-05,37.369141,25052.875,1283.7624,33315.066,1690.1532,13.011695,0,210.11846,2312.278,0.67899925,0.2187412,0,7.837658,37.776087,685.89757,21.749539,738.10003,23.92382,208.82217,15.556978,217.1318,16.329965,935.1311,15.121249,1074.8121,16.764654
928,1e-05,37.212436,24947.238,1270.8657,33292.843,1687.2596,12.989507,0,205.24414,2309.4846,0.6796477,0.21914543,0,7.9498603,37.821024,686.15011,21.848168,738.10003,23.92382,208.33243,15.553076,217.1318,16.329965,933.94296,15.046898,1074.8121,16.764654
929,1e-05,37.209443,24844.591,1279.7127,33311.085,1689.3707,13.005271,0,208.01176,2311.6464,0.680902,0.21882636,0,7.8147043,37.797415,691.26896,21.752637,738.10003,23.92382,209.07807,15.545211,217.1318,16.329965,934.15671,15.151582,1074.8121,16.764654
930,1e-05,37.24682,24940.066,1279.4637,33380.831,1691.6327,13.008956,0,209.95486,2311.8218,0.68347154,0.21824777,0,7.7506717,37.708514,693.56632,21.977656,738.10003,23.92382,210.00656,15.667457,217.1318,16.329965,946.21615,15.438635,1074.8121,16.764654
931,1e-05,37.456205,25112.4,1283.5244,33329.217,1691.9731,13.037101,0,213.41543,2316.058,0.68076268,0.21846919,0,7.7821556,37.740759,689.90353,21.807846,738.10003,23.92382,209.26468,15.578526,217.1318,16.329965,938.73773,15.215883,1074.8121,16.764654
932,1e-05,37.08632,24743.488,1270.3675,33269.642,1687.6431,13.031559,0,209.00159,2316.174,0.67513078,0.21891431,0,7.936991,37.782277,681.45397,21.646609,738.10003,23.92382,205.89209,15.395333,217.1318,16.329965,920.43068,15.054671,1074.8121,16.764654
933,1e-05,37.332799,24952.807,1281.9933,33262.217,1687.9416,13.046253,0,213.93141,2317.5908,0.68462731,0.21777318,0,7.6669239,37.643543,694.02543,22.022373,738.10003,23.92382,209.89216,15.686097,217.1318,16.329965,956.70061,15.518691,1074.8121,16.764654
934,1e-05,37.149396,24888.524,1282.1996,33251.67,1687.089,12.96112,0,202.26446,2305.0818,0.68330744,0.21958079,0,8.0512428,37.874373,692.08154,22.043556,738.10003,23.92382,208.80376,15.576324,217.1318,16.329965,948.55497,15.007441,1074.8121,16.764654
935,1e-05,37.429198,25015.358,1283.989,33316.744,1688.6983,13.021393,0,208.91826,2314.3468,0.68128129,0.2188558,0,7.9007121,37.780872,690.46424,21.850555,738.10003,23.92382,208.41301,15.541749,217.1318,16.329965,935.94135,15.142184,1074.8121,16.764654
936,1e-05,37.106086,24839.847,1274.3178,33332.155,1690.7664,12.965246,0,201.94562,2305.9132,0.68068786,0.21971294,0,8.0462569,37.89967,688.40583,21.861133,738.10003,23.92382,208.06629,15.528393,217.1318,16.329965,946.19432,15.037806,1074.8121,16.764654
937,1e-05,37.129691,24876.209,1273.4439,33267.288,1684.8564,12.993193,0,206.75618,2309.7698,0.67809234,0.21914378,0,7.9345027,37.824634,684.52683,21.739171,738.10003,23.92382,207.86688,15.5088,217.1318,16.329965,941.04182,15.163697,1074.8121,16.764654
938,1e-05,37.289903,24875.233,1284.0536,33222.613,1686.5197,13.015795,0,210.25673,2312.9883,0.67410513,0.2185467,0,7.8528123,37.736867,680.52649,21.698773,738.10003,23.92382,206.93526,15.466323,217.1318,16.329965,935.34574,15.021709,1074.8121,16.764654
939,1e-05,37.209181,24846.137,1278.9217,33329.436,1692.5122,13.014223,0,210.86179,2312.5485,0.67959935,0.21976273,0,8.0257452,37.913943,687.58986,21.776241,738.10003,23.92382,207.97013,15.51133,217.1318,16.329965,941.64043,15.075832,1074.8121,16.764654
940,1e-05,37.456764,25093.276,1290.6047,33379.817,1692.4212,13.020334,0,210.54752,2313.7395,0.67646711,0.21871585,0,7.8505409,37.768199,683.5178,21.688684,738.10003,23.92382,206.95901,15.4565,217.1318,16.329965,929.27235,15.126514,1074.8121,16.764654
941,1e-05,37.130482,24775.816,1278.825,33360.16,1692.2636,12.9727,0,201.82954,2307.2979,0.67721871,0.21827415,0,7.7654907,37.709539,685.33817,21.738402,738.10003,23.92382,207.93785,15.511808,217.1318,16.329965,936.72801,15.159212,1074.8121,16.764654
942,1e-05,37.329499,24911.879,1279.5885,33296.248,1690.6874,13.024827,0,207.97346,2315.2117,0.67629426,0.21853354,0,7.8216758,37.7424,683.65733,21.662754,738.10003,23.92382,207.80884,15.498054,217.1318,16.329965,934.4979,15.198889,1074.8121,16.764654
943,1e-05,37.186707,24892.759,1274.3951,33303.093,1689.6515,13.02875,0,207.66156,2316.0044,0.68102439,0.21908584,0,7.8977257,37.823459,689.49071,21.870442,738.10003,23.92382,208.98333,15.585272,217.1318,16.329965,951.07099,15.2672,1074.8121,16.764654
944,1e-05,37.126531,24796.736,1277.6428,33345.524,1688.9885,12.955262,0,201.89907,2304.1097,0.67818501,0.21828222,0,7.7436667,37.716561,687.18521,21.752831,738.10003,23.92382,209.51703,15.613068,217.1318,16.329965,946.59382,15.338783,1074.8121,16.764654
945,1e-05,37.171322,24824.161,1278.329,33316.461,1689.8514,13.021839,0,209.63041,2314.2466,0.67937215,0.21739602,0,7.5748772,37.598399,687.15271,21.73529,738.10003,23.92382,209.69891,15.611783,217.1318,16.329965,938.57689,15.267803,1074.8121,16.764654
946,1e-05,37.08564,24698.089,1268.5413,33219.972,1682.9871,13.03492,0,211.45028,2316.1618,0.67544514,0.21808366,0,7.7144493,37.687897,682.80367,21.62852,738.10003,23.92382,208.46565,15.533057,217.1318,16.329965,936.07814,15.216623,1074.8121,16.764654
947,1e-05,37.159621,24927.528,1278.3474,33339.256,1689.2272,12.956684,0,203.59864,2303.9356,0.68156834,0.21922351,0,7.9495409,37.835301,691.17646,21.940038,738.10003,23.92382,208.65145,15.558578,217.1318,16.329965,943.18627,15.048414,1074.8121,16.764654
948,1e-05,37.101196,24772.575,1277.1186,33292.755,1689.0152,12.96473,0,202.88222,2305.5809,0.67716846,0.2187099,0,7.8389106,37.770077,684.30857,21.752619,738.10003,23.92382,207.76085,15.502384,217.1318,16.329965,935.44195,15.077969,1074.8121,16.764654
949,1e-05,37.274279,24869.552,1282.5356,33253.166,1688.9295,13.045001,0,214.31401,2317.2658,0.68097993,0.21882338,0,7.8304764,37.792858,688.97615,21.858217,738.10003,23.92382,209.34308,15.602323,217.1318,16.329965,947.65203,15.245801,1074.8121,16.764654
950,1e-05,37.262074,24888.134,1284.5756,33265.543,1686.3335,13.008236,0,209.61471,2311.7774,0.67860144,0.21805182,0,7.7243285,37.679594,685.56484,21.805328,738.10003,23.92382,208.87213,15.587973,217.1318,16.329965,943.41878,15.194105,1074.8121,16.764654
951,1e-05,37.352788,24934.854,1285.5675,33366.419,1692.8028,13.063981,0,213.32701,2320.9678,0.67209494,0.21743066,0,7.6398026,37.58817,677.94099,21.604406,738.10003,23.92382,206.81935,15.458238,217.1318,16.329965,932.73288,15.225397,1074.8121,16.764654
952,1e-05,37.195623,24839.953,1274.3488,33318.548,1687.8534,13.027243,0,209.50443,2315.2612,0.67959967,0.21915182,0,7.8980604,37.835369,686.25947,21.802384,738.10003,23.92382,208.72509,15.527447,217.1318,16.329965,934.37755,15.115653,1074.8121,16.764654
953,1e-05,37.290878,24933.5,1282.5461,33235.611,1687.4315,13.04051,0,212.93367,2316.8005,0.6777462,0.21863618,0,7.8428096,37.755682,685.6041,21.800393,738.10003,23.92382,208.00451,15.514908,217.1318,16.329965,937.21233,15.044993,1074.8121,16.764654
954,1e-05,37.289221,24876.035,1279.6781,33303.248,1688.4094,12.999486,0,207.681,2310.6787,0.6828655,0.21900517,0,7.8457796,37.822013,693.13786,21.949515,738.10003,23.92382,210.15383,15.64698,217.1318,16.329965,950.52702,15.130512,1074.8121,16.764654
955,1e-05,37.525898,25119.509,1290.1022,33347.536,1690.6875,13.042202,0,212.65511,2317.1791,0.67547323,0.21800603,0,7.7025035,37.676823,682.7202,21.697456,738.10003,23.92382,208.337,15.536932,217.1318,16.329965,938.12449,15.095129,1074.8121,16.764654
956,1e-05,37.126412,24737.845,1267.332,33223.037,1685.9473,13.038736,0,212.10371,2316.6893,0.6825767,0.21608896,0,7.39949,37.405396,690.50415,21.904866,738.10003,23.92382,209.38072,15.674245,217.1318,16.329965,939.0455,15.695342,1074.8121,16.764654
957,1e-05,37.295758,24960.596,1280.1667,33334.773,1691.1359,13.044282,0,216.25821,2316.6402,0.68069194,0.21871228,0,7.8265762,37.773649,688.60423,21.877327,738.10003,23.92382,209.35684,15.600774,217.1318,16.329965,949.63599,15.169368,1074.8121,16.764654
958,1e-05,37.044235,24744.758,1275.0046,33319.829,1689.3747,12.995882,0,211.59629,2309.0268,0.67662419,0.2183009,0,7.7247196,37.72478,684.76525,21.719505,738.10003,23.92382,208.86149,15.546778,217.1318,16.329965,935.42126,15.064815,1074.8121,16.764654
959,1e-05,37.182097,24754.668,1273.4713,33377.821,1693.2507,13.032765,0,211.95393,2315.6418,0.67736784,0.21861014,0,7.8451895,37.750342,684.93696,21.763618,738.10003,23.92382,207.15236,15.476083,217.1318,16.329965,934.52838,15.132243,1074.8121,16.764654
960,1e-05,37.181572,24809.312,1269.9303,33209.331,1684.2924,13.049963,0,214.01623,2318.2436,0.67951742,0.21844133,0,7.782494,37.735608,687.49933,21.817684,738.10003,23.92382,209.46675,15.604074,217.1318,16.329965,944.86292,15.176688,1074.8121,16.764654
961,1e-05,37.234171,24939.924,1279.0519,33355.592,1691.6009,12.997307,0,207.48346,2310.3328,0.67800927,0.21895721,0,7.8862495,37.802993,686.66863,21.764323,738.10003,23.92382,207.49081,15.501736,217.1318,16.329965,933.17642,15.122059,1074.8121,16.764654
962,1e-05,37.051425,24754.84,1268.3458,33300.492,1689.5354,12.999148,0,207.36486,2310.6977,0.68035505,0.21856505,0,7.8452022,37.74214,688.63984,21.868745,738.10003,23.92382,208.77771,15.578195,217.1318,16.329965,940.40947,15.149361,1074.8121,16.764654
963,1e-05,37.233075,24949.172,1283.3459,33332.189,1690.756,12.994498,0,207.10493,2309.9185,0.68110822,0.21913642,0,7.9206112,37.826831,690.13141,21.84564,738.10003,23.92382,208.67301,15.560746,217.1318,16.329965,941.50195,15.129144,1074.8121,16.764654
964,1e-05,37.254162,24922.439,1284.4392,33320.724,1689.0477,13.02123,0,209.76826,2314.1008,0.68126093,0.22010645,0,8.1172132,37.953156,689.1461,21.887711,738.10003,23.92382,208.2641,15.550286,217.1318,16.329965,950.81717,15.038539,1074.8121,16.764654
965,1e-05,37.378659,24922.041,1283.0412,33392.587,1692.1575,13.026332,0,211.90389,2314.4849,0.67636411,0.21894083,0,7.9438443,37.785354,682.24022,21.715285,738.10003,23.92382,206.42092,15.453889,217.1318,16.329965,934.08674,15.101264,1074.8121,16.764654
966,1e-05,37.153027,24766.781,1275.8989,33313.972,1689.0395,13.024116,0,211.38125,2314.215,0.67598662,0.21879907,0,7.8992889,37.770922,682.87435,21.704048,738.10003,23.92382,206.93622,15.476484,217.1318,16.329965,931.61051,15.077941,1074.8121,16.764654
967,1e-05,37.136775,24731.799,1278.7265,33387.516,1694.2803,13.000311,0,205.14187,2311.475,0.6741916,0.21895092,0,7.9164091,37.794172,681.11117,21.639897,738.10003,23.92382,206.50582,15.427388,217.1318,16.329965,927.39324,15.055914,1074.8121,16.764654
968,1e-05,37.290076,24978.466,1289.7662,33382.321,1696.1014,12.991161,0,207.42229,2309.2309,0.67922723,0.21735633,0,7.6119724,37.581741,685.401,21.771425,738.10003,23.92382,208.27375,15.585957,217.1318,16.329965,942.47048,15.473033,1074.8121,16.764654
969,1e-05,37.484823,25182.286,1287.3783,33338.337,1691.2663,13.037194,0,211.94973,2316.4482,0.67625096,0.21861932,0,7.8376123,37.75394,683.51986,21.723623,738.10003,23.92382,207.80683,15.492536,217.1318,16.329965,930.25355,15.058965,1074.8121,16.764654
970,1e-05,37.264385,24858.277,1285.3161,33300.363,1690.9225,13.05522,0,213.15549,2319.4186,0.68358749,0.21864447,0,7.8059325,37.766575,694.08463,22.051425,738.10003,23.92382,210.37449,15.655576,217.1318,16.329965,953.5651,15.115128,1074.8121,16.764654
971,1e-05,37.084907,24722.176,1267.6878,33239.457,1685.5659,13.026999,0,212.97314,2314.334,0.67728418,0.21849108,0,7.8024536,37.739573,684.04515,21.754199,738.10003,23.92382,208.7292,15.56413,217.1318,16.329965,943.13532,15.16722,1074.8121,16.764654
972,1e-05,37.246737,24780.792,1274.2886,33312.899,1688.8903,13.028498,0,213.58791,2314.4501,0.67798638,0.21663073,0,7.4428975,37.49285,684.1103,21.700213,738.10003,23.92382,208.88521,15.58291,217.1318,16.329965,940.65755,15.483403,1074.8121,16.764654
973,1e-05,37.076443,24801.122,1278.7176,33252.851,1687.8623,12.957329,0,200.84738,2304.7533,0.67562019,0.21864826,0,7.9043657,37.742209,681.65853,21.728115,738.10003,23.92382,207.03524,15.484299,217.1318,16.329965,926.14047,15.119976,1074.8121,16.764654
974,1e-05,37.249833,24838.339,1277.1183,33313.246,1691.053,13.032604,0,212.41613,2315.4948,0.67598528,0.21864418,0,7.8353187,37.759043,682.7864,21.665452,738.10003,23.92382,208.04996,15.51538,217.1318,16.329965,938.97634,15.166218,1074.8121,16.764654
975,1e-05,37.395426,25073.158,1280.5054,33318.396,1689.7211,13.02075,0,210.08505,2313.9329,0.6800908,0.21896613,0,7.9228855,37.79529,689.49696,21.845496,738.10003,23.92382,207.86823,15.528298,217.1318,16.329965,935.3892,15.06244,1074.8121,16.764654
976,1e-05,37.195459,24899.718,1275.2887,33266.664,1687.0476,12.993519,0,209.27633,2309.1876,0.67501206,0.21895641,0,7.9333534,37.790857,682.19727,21.665508,738.10003,23.92382,206.74183,15.459705,217.1318,16.329965,937.76662,15.128699,1074.8121,16.764654
977,1e-05,37.623765,25220.404,1298.3362,33412.284,1692.9558,13.049094,0,215.8771,2317.6119,0.6741495,0.21831018,0,7.7754104,37.713565,681.17568,21.604212,738.10003,23.92382,207.52742,15.502571,217.1318,16.329965,938.49931,15.153024,1074.8121,16.764654
978,1e-05,37.016376,24673.449,1269.2789,33270.911,1687.4425,13.006896,0,207.64576,2312.0349,0.68061202,0.21907224,0,7.9566486,37.805988,689.0924,21.872016,738.10003,23.92382,207.94447,15.538693,217.1318,16.329965,938.81025,15.148189,1074.8121,16.764654
979,1e-05,37.41245,25058.868,1286.1291,33360.015,1690.3218,13.057484,0,216.71361,2318.9246,0.67842552,0.21891377,0,7.9299549,37.78397,687.00658,21.780413,738.10003,23.92382,207.53288,15.501585,217.1318,16.329965,933.86418,15.059926,1074.8121,16.764654
980,1e-05,37.208137,24936.381,1278.543,33358.369,1692.1457,12.99131,0,204.07221,2310.1106,0.67755726,0.2178621,0,7.6596198,37.66157,685.3663,21.664482,738.10003,23.92382,209.01199,15.558397,217.1318,16.329965,934.93244,15.265825,1074.8121,16.764654
981,1e-05,36.945505,24633.091,1271.9068,33199.261,1685.4637,12.938244,0,198.43957,2301.8962,0.68039932,0.21823092,0,7.7448554,37.706933,690.21034,21.83974,738.10003,23.92382,209.15577,15.593385,217.1318,16.329965,942.33683,15.201945,1074.8121,16.764654
982,1e-05,37.195146,24873.166,1283.3744,33392.844,1693.983,12.977696,0,205.64646,2307.2347,0.67287621,0.21822723,0,7.8008487,37.692008,679.55869,21.606667,738.10003,23.92382,206.99662,15.454854,217.1318,16.329965,930.08372,15.062277,1074.8121,16.764654
983,1e-05,37.133028,24806.353,1277.3017,33326.217,1690.2478,13.019996,0,207.65015,2314.4156,0.67481801,0.21869793,0,7.8832591,37.756613,680.6883,21.626962,738.10003,23.92382,206.48308,15.423151,217.1318,16.329965,927.60105,15.072469,1074.8121,16.764654
984,1e-05,37.121698,24745.07,1275.8002,33350.516,1690.3854,13.002022,0,209.03214,2310.7959,0.67741307,0.21740218,0,7.6000268,37.593117,684.46388,21.755872,738.10003,23.92382,208.05443,15.530433,217.1318,16.329965,935.61371,15.122753,1074.8121,16.764654
985,1e-05,37.163811,24846.592,1276.0644,33283.737,1686.7921,13.000981,0,208.28585,2310.7965,0.67498646,0.21894058,0,7.9178441,37.791926,680.23058,21.702595,738.10003,23.92382,206.55775,15.466152,217.1318,16.329965,935.87958,15.052997,1074.8121,16.764654
986,1e-05,37.273428,24934.178,1279.2995,33269.348,1687.1845,13.047411,0,214.70401,2317.6046,0.67886424,0.21877681,0,7.8403279,37.781882,686.94815,21.749246,738.10003,23.92382,208.96931,15.583756,217.1318,16.329965,943.3952,15.111448,1074.8121,16.764654
987,1e-05,37.081051,24776.346,1270.7741,33320.491,1690.4199,12.968641,0,200.75077,2306.8345,0.67846086,0.21897992,0,7.9012648,37.803299,684.91222,21.783617,738.10003,23.92382,208.4918,15.566122,217.1318,16.329965,942.73336,15.15139,1074.8121,16.764654
988,1e-05,37.215445,24891.301,1278.5679,33298.057,1687.6915,13.007824,0,208.81135,2311.907,0.67291628,0.21868684,0,7.8704296,37.757862,678.41849,21.58793,738.10003,23.92382,206.46091,15.430786,217.1318,16.329965,925.5798,15.115267,1074.8121,16.764654
989,1e-05,37.062018,24777.413,1275.0138,33315.248,1690.9273,12.997567,0,205.76485,2310.8175,0.67470249,0.21855992,0,7.8709903,37.734643,680.54965,21.698729,738.10003,23.92382,207.02045,15.489501,217.1318,16.329965,935.07226,15.054095,1074.8121,16.764654
990,1e-05,37.242658,24927.698,1277.7684,33263.745,1688.5351,12.972381,0,204.17382,2306.6433,0.67845847,0.21786186,0,7.6939662,37.652784,685.50647,21.777187,738.10003,23.92382,207.85004,15.520423,217.1318,16.329965,930.05674,15.085619,1074.8121,16.764654
991,1e-05,37.048152,24730.038,1275.6479,33213.353,1685.6908,12.96227,0,203.35505,2305.0133,0.6771578,0.21849997,0,7.7900474,37.744346,683.06081,21.701613,738.10003,23.92382,207.96096,15.519389,217.1318,16.329965,933.68228,15.103995,1074.8121,16.764654
992,1e-05,37.119279,24788.519,1276.9247,33235.715,1687.0724,12.984847,0,205.37663,2308.6037,0.68019609,0.21846462,0,7.8125251,37.732197,689.07023,21.80521,738.10003,23.92382,208.58811,15.559789,217.1318,16.329965,939.89058,15.17298,1074.8121,16.764654
993,1e-05,37.09155,24768.033,1267.0168,33368.771,1692.7048,12.992895,0,206.06273,2309.8922,0.67402622,0.21874741,0,7.9365671,37.75204,676.99367,21.670451,738.10003,23.92382,205.97031,15.449376,217.1318,16.329965,933.98898,15.101766,1074.8121,16.764654
994,1e-05,37.002798,24763.688,1274.6221,33276.678,1687.0056,12.929477,0,197.25126,2300.6046,0.67439768,0.21792183,0,7.7016531,37.66173,681.05341,21.622354,738.10003,23.92382,207.76881,15.501356,217.1318,16.329965,932.38617,15.173745,1074.8121,16.764654
995,1e-05,37.038273,24646.48,1268.3266,33341.099,1692.3308,13.005026,0,206.02191,2312.1083,0.6775818,0.21888367,0,7.8945292,37.787514,685.62514,21.774872,738.10003,23.92382,207.79894,15.504919,217.1318,16.329965,938.18486,15.052594,1074.8121,16.764654
996,1e-05,37.420413,24980.035,1283.2187,33361.631,1693.1959,13.063009,0,214.03102,2320.6119,0.67575798,0.2183182,0,7.8094338,37.706361,683.14639,21.73065,738.10003,23.92382,207.00196,15.451307,217.1318,16.329965,922.97512,14.97767,1074.8121,16.764654
997,1e-05,37.05224,24724.281,1273.0505,33252.041,1687.9222,13.001122,0,211.08649,2310.1092,0.67856513,0.21864023,0,7.8257727,37.760755,685.79051,21.709432,738.10003,23.92382,208.27493,15.51468,217.1318,16.329965,933.76674,15.138451,1074.8121,16.764654
998,1e-05,37.151298,24821.489,1277.1781,33336.616,1689.7671,13.024327,0,213.5172,2313.7097,0.67792172,0.21897201,0,7.8919125,37.804242,685.49159,21.728508,738.10003,23.92382,207.49777,15.485489,217.1318,16.329965,931.15812,15.090184,1074.8121,16.764654
999,1e-05,37.367921,25048.476,1284.3349,33366.73,1691.9347,12.98819,0,206.93247,2308.8154,0.67559791,0.21892883,0,7.9010389,37.794068,681.33907,21.686177,738.10003,23.92382,207.51108,15.498609,217.1318,16.329965,934.79957,15.114552,1074.8121,16.764654
1000,1e-05,37.081665,24772.346,1275.865,33306.895,1688.683,12.978051,0,203.72893,2307.7873,0.6780748,0.2188986,0,7.8401116,37.80408,684.40619,21.691701,738.10003,23.92382,207.56855,15.48069,217.1318,16.329965,925.009,15.16111,1074.8121,16.764654
1001,1e-05,36.947401,24635.946,1266.7213,33199.835,1684.8339,12.977166,0,204.8848,2307.3323,0.67312898,0.21711373,0,7.5402922,37.555876,677.93884,21.574669,738.10003,23.92382,206.28504,15.434689,217.1318,16.329965,927.16947,15.197518,1074.8121,16.764654
1002,1e-05,37.109774,24846.931,1277.9549,33263.842,1688.8908,12.938679,0,197.74235,2302.1526,0.68253137,0.21687308,0,7.4593477,37.532727,691.8481,21.821658,738.10003,23.92382,209.40232,15.606003,217.1318,16.329965,941.95102,15.555205,1074.8121,16.764654
1003,1e-05,37.270555,24905.754,1275.8929,33258.494,1687.6427,13.047252,0,211.65337,2318.3522,0.67816612,0.21849334,0,7.8190501,37.735759,684.74058,21.828629,738.10003,23.92382,208.18621,15.536539,217.1318,16.329965,930.48706,14.98758,1074.8121,16.764654
1004,1e-05,36.96303,24617.445,1263.6268,33306.879,1686.0227,12.993869,0,203.28147,2310.7773,0.68118335,0.21932949,0,7.9673816,37.85003,689.46986,21.839841,738.10003,23.92382,208.38405,15.548653,217.1318,16.329965,938.80234,15.185505,1074.8121,16.764654
1005,1e-05,37.219274,24878.103,1277.2606,33351.76,1690.2941,13.030823,0,210.57049,2315.6407,0.6747814,0.21930969,0,7.9712653,37.84544,680.51087,21.648686,738.10003,23.92382,206.68357,15.452607,217.1318,16.329965,937.6357,15.089719,1074.8121,16.764654
1006,1e-05,37.386386,25091.567,1290.7216,33399.238,1693.9542,13.010124,0,210.15859,2311.9823,0.67894649,0.21766274,0,7.6722229,37.622114,685.35653,21.70364,738.10003,23.92382,208.24563,15.558043,217.1318,16.329965,935.79185,15.389145,1074.8121,16.764654
1007,1e-05,37.412368,25000.167,1285.2725,33333.338,1692.654,13.032045,0,211.56228,2315.6104,0.67990053,0.21898584,0,7.8788491,37.810082,688.02999,21.811746,738.10003,23.92382,208.02352,15.527357,217.1318,16.329965,931.94649,15.139413,1074.8121,16.764654
1008,1e-05,37.077992,24694.136,1268.228,33213.841,1684.2891,12.981377,0,204.13517,2308.2887,0.68476394,0.21959108,0,7.9787313,37.894701,694.38019,22.026085,738.10003,23.92382,209.3181,15.609086,217.1318,16.329965,944.05623,15.066531,1074.8121,16.764654
1009,1e-05,37.131683,24824.412,1277.3446,33374.021,1690.9963,12.976799,0,206.4728,2306.8613,0.67379418,0.21892281,0,7.8987685,37.793551,679.53196,21.664843,738.10003,23.92382,206.64734,15.469151,217.1318,16.329965,937.73292,15.195441,1074.8121,16.764654
1010,1e-05,37.177945,24834.369,1283.0048,33368.422,1692.9399,12.983909,0,204.41529,2308.6778,0.68061172,0.21989573,0,8.0702594,37.926794,687.91079,21.88829,738.10003,23.92382,208.49866,15.5873,217.1318,16.329965,950.40463,15.049896,1074.8121,16.764654
1011,1e-05,37.228252,24873.167,1279.2584,33363.829,1692.3104,12.97687,0,204.25359,2307.439,0.68258618,0.21912484,0,7.8703531,37.837517,689.35241,21.888406,738.10003,23.92382,210.23233,15.638159,217.1318,16.329965,944.05548,15.118731,1074.8121,16.764654
1012,1e-05,37.15927,24770.672,1272.7422,33249.302,1684.4657,12.990289,0,203.81622,2309.9902,0.67900668,0.21858703,0,7.8291373,37.750225,686.93297,21.756221,738.10003,23.92382,208.65869,15.554867,217.1318,16.329965,930.12935,15.175582,1074.8121,16.764654
1013,1e-05,37.213421,24895.166,1281.898,33373.656,1692.9405,13.022063,0,213.24541,2313.3673,0.67997894,0.21956403,0,8.053301,37.870801,686.51039,21.855964,738.10003,23.92382,208.03957,15.545115,217.1318,16.329965,937.81241,15.07801,1074.8121,16.764654
1014,1e-05,37.026415,24665.408,1266.9678,33305.53,1689.1231,12.974305,0,202.7799,2307.3479,0.68126218,0.21968901,0,8.0733641,37.888418,689.23305,21.872558,738.10003,23.92382,208.04078,15.533555,217.1318,16.329965,935.57122,15.133249,1074.8121,16.764654
1015,1e-05,37.247011,24935.068,1278.7975,33370.241,1691.1115,13.008905,0,208.81006,2312.1039,0.68105121,0.21910635,0,7.9489603,37.814147,687.23665,21.843735,738.10003,23.92382,208.28744,15.559559,217.1318,16.329965,939.16106,15.151514,1074.8121,16.764654
1016,1e-05,37.047267,24820.02,1276.5186,33227.751,1686.7198,12.951737,0,199.07777,2304.187,0.67918375,0.21846029,0,7.7922991,37.736559,686.43756,21.763523,738.10003,23.92382,207.93205,15.523479,217.1318,16.329965,936.37908,15.154528,1074.8121,16.764654
1017,1e-05,37.367702,25024.856,1289.4725,33307.342,1690.7387,13.034107,0,213.26737,2315.5515,0.68082918,0.2190212,0,7.9139492,37.807576,690.04175,21.823707,738.10003,23.92382,208.56462,15.546115,217.1318,16.329965,943.30141,15.142683,1074.8121,16.764654
1018,1e-05,37.319383,24925.944,1284.5178,33335.067,1691.6897,13.023306,0,209.07225,2314.6554,0.67888902,0.21877231,0,7.8677651,37.774082,684.99402,21.784434,738.10003,23.92382,208.5866,15.564373,217.1318,16.329965,937.52808,15.179789,1074.8121,16.764654
1019,1e-05,37.200175,24793.327,1274.9629,33299.082,1689.1729,13.063364,0,218.40186,2319.564,0.67968463,0.21870836,0,7.8847563,37.758128,686.63402,21.843639,738.10003,23.92382,207.27112,15.517039,217.1318,16.329965,937.34814,15.155864,1074.8121,16.764654
1020,1e-05,37.197877,24877.712,1276.6202,33333.003,1690.2511,13.012848,0,210.50103,2312.3902,0.67818962,0.21959203,0,8.0519309,37.876242,684.24311,21.77676,738.10003,23.92382,206.73843,15.463775,217.1318,16.329965,934.56073,14.982977,1074.8121,16.764654
1021,1e-05,37.006131,24666.397,1272.4393,33366.812,1692.772,12.966724,0,204.84867,2305.4429,0.68023671,0.21909508,0,7.929626,37.817019,686.06947,21.841165,738.10003,23.92382,208.45533,15.568516,217.1318,16.329965,942.33468,15.134493,1074.8121,16.764654
1022,1e-05,37.052171,24716.612,1266.4131,33370.123,1692.9729,12.989267,0,206.40698,2309.1451,0.68338622,0.21834859,0,7.7497887,37.72707,690.43853,21.852056,738.10003,23.92382,209.43291,15.618129,217.1318,16.329965,935.35131,15.324154,1074.8121,16.764654
1023,1e-05,37.286245,24843.884,1280.8663,33396.73,1690.7201,13.068817,0,220.35802,2320.0574,0.6782853,0.21888891,0,7.9099921,37.784531,686.29561,21.848178,738.10003,23.92382,207.65256,15.518175,217.1318,16.329965,939.52552,15.043593,1074.8121,16.764654
1024,1e-05,37.226196,24867.161,1280.1773,33252.719,1686.9817,12.99674,0,205.80218,2310.6577,0.67958489,0.21873209,0,7.8872862,37.761797,686.18099,21.813874,738.10003,23.92382,208.33212,15.537566,217.1318,16.329965,927.46123,15.065055,1074.8121,16.764654
1025,1e-05,36.962044,24660.086,1267.7675,33305.992,1688.2522,12.970472,0,202.00154,2306.8491,0.67810645,0.21819452,0,7.7835469,37.690466,683.45599,21.78564,738.10003,23.92382,208.02902,15.555204,217.1318,16.329965,935.30907,15.138659,1074.8121,16.764654
1026,1e-05,37.174145,24816.296,1277.1754,33366.121,1690.8625,13.024602,0,214.57227,2313.4911,0.68174241,0.21917012,0,7.9292226,37.830765,689.60956,21.873636,738.10003,23.92382,209.11573,15.601262,217.1318,16.329965,948.07618,15.185883,1074.8121,16.764654
1027,1e-05,37.714906,25253.353,1306.627,33607.577,1711.1038,13.044652,0,213.38822,2317.438,0.68644548,0.21482145,0,7.2036365,37.224793,693.34508,21.98295,738.10003,23.92382,210.43148,15.705954,217.1318,16.329965,931.18418,15.667429,1074.8121,16.764654
1028,1e-05,37.200881,24863.016,1272.2554,33367.265,1691.0503,13.040314,0,214.18294,2316.447,0.68076367,0.21839114,0,7.7639937,37.731191,689.21831,21.846591,738.10003,23.92382,209.22886,15.578411,217.1318,16.329965,937.65014,15.106275,1074.8121,16.764654
1029,1e-05,37.097937,24702.356,1276.3022,33378.512,1693.3847,13.0085,0,208.47919,2312.1145,0.67562056,0.21843806,0,7.7901851,37.733054,682.15549,21.661294,738.10003,23.92382,207.22245,15.489412,217.1318,16.329965,935.98609,15.186815,1074.8121,16.764654
1030,1e-05,37.303451,24936.446,1276.6489,33375.323,1691.6734,13.029889,0,211.50177,2315.2339,0.68149573,0.21900217,0,7.8718197,37.81484,690.47868,21.850501,738.10003,23.92382,209.24979,15.589857,217.1318,16.329965,942.48688,15.134932,1074.8121,16.764654
1031,1e-05,37.073895,24758.706,1274.4381,33367.34,1694.0325,12.989193,0,206.43701,2309.1239,0.67745236,0.21862893,0,7.8010728,37.764987,685.0058,21.706344,738.10003,23.92382,208.55475,15.543893,217.1318,16.329965,939.95859,15.18999,1074.8121,16.764654
1032,1e-05,37.273854,24916.613,1283.6255,33344.063,1689.6473,13.01929,0,210.15961,2313.6486,0.67748253,0.21989448,0,8.1014565,37.918627,683.0605,21.745963,738.10003,23.92382,206.93186,15.489448,217.1318,16.329965,938.42814,15.000648,1074.8121,16.764654
1033,1e-05,37.361657,24920.657,1282.1545,33288.207,1688.1988,13.094177,0,221.93142,2324.2678,0.67742376,0.21879231,0,7.873187,37.776336,685.72952,21.732387,738.10003,23.92382,207.37746,15.490577,217.1318,16.329965,932.68647,15.052076,1074.8121,16.764654
1034,1e-05,37.296095,24935.498,1275.2591,33259.777,1685.8994,13.047723,0,215.22278,2317.5294,0.67519991,0.21753714,0,7.5973863,37.618328,682.85941,21.626898,738.10003,23.92382,208.03575,15.507057,217.1318,16.329965,927.47823,15.174338,1074.8121,16.764654
1035,1e-05,37.253437,24817.022,1280.7077,33251.958,1686.7895,12.994537,0,206.7431,2310.0177,0.67602429,0.21877092,0,7.8983224,37.766049,682.92289,21.670748,738.10003,23.92382,207.25444,15.46953,217.1318,16.329965,927.28079,15.051307,1074.8121,16.764654
1036,1e-05,37.113039,24731.548,1274.6031,33319.326,1690.6902,13.010844,0,205.86086,2313.207,0.67628245,0.21907141,0,7.9618458,37.804513,683.52972,21.722683,738.10003,23.92382,206.19678,15.440065,217.1318,16.329965,935.00521,15.138032,1074.8121,16.764654
1037,1e-05,37.12298,24740.001,1276.3859,33416.544,1695.8071,12.999767,0,209.95023,2310.1521,0.68277668,0.21881534,0,7.8505512,37.786285,693.61814,21.929903,738.10003,23.92382,208.3943,15.537921,217.1318,16.329965,935.52154,15.105347,1074.8121,16.764654
1038,1e-05,37.499048,25085.645,1281.6634,33296.026,1688.3724,13.047359,0,213.03667,2318.0195,0.67601691,0.21885745,0,7.9577964,37.766644,679.76523,21.724186,738.10003,23.92382,206.52684,15.48724,217.1318,16.329965,930.27297,15.096426,1074.8121,16.764654
1039,1e-05,37.02623,24758.773,1279.2034,33297.877,1689.9175,12.95107,0,200.08775,2303.8086,0.67550047,0.21761326,0,7.6249367,37.625154,681.47548,21.636244,738.10003,23.92382,207.7902,15.51886,217.1318,16.329965,939.22533,15.1772,1074.8121,16.764654
1040,1e-05,37.255098,24867.601,1276.2781,33379.738,1691.9887,13.044121,0,214.06513,2317.1691,0.6793198,0.21895011,0,7.9185279,37.793487,686.76125,21.80881,738.10003,23.92382,208.72731,15.582761,217.1318,16.329965,937.62904,15.148244,1074.8121,16.764654
1041,1e-05,37.248725,24934.351,1283.8471,33258.546,1686.2776,12.991807,0,205.21355,2309.9106,0.67891001,0.21885387,0,7.8213745,37.800718,686.73606,21.752554,738.10003,23.92382,208.59223,15.550693,217.1318,16.329965,937.72262,15.081305,1074.8121,16.764654
1042,1e-05,37.027914,24710.907,1269.3384,33290.645,1688.1689,12.971699,0,205.52942,2306.1742,0.68274359,0.2197303,0,8.0432951,37.903579,691.31407,21.980492,738.10003,23.92382,208.71808,15.578021,217.1318,16.329965,947.36685,15.086037,1074.8121,16.764654
1043,1e-05,37.264182,24894.174,1281.3628,33293.853,1688.6833,13.001083,0,207.37752,2311.0462,0.67943554,0.21763996,0,7.6545239,37.622478,686.7405,21.718165,738.10003,23.92382,207.19048,15.503043,217.1318,16.329965,921.39243,15.340119,1074.8121,16.764654
1044,1e-05,37.269312,24900.073,1281.4085,33309.892,1687.9034,13.024193,0,213.10238,2313.7908,0.67883911,0.21922946,0,7.9153054,37.845098,687.93563,21.716589,738.10003,23.92382,207.79624,15.50583,217.1318,16.329965,934.77169,15.116752,1074.8121,16.764654
1045,1e-05,37.244877,24935.479,1283.2696,33318.792,1690.3649,12.982403,0,206.74116,2307.8119,0.67890547,0.21999358,0,8.1259145,37.930418,685.74633,21.844453,738.10003,23.92382,207.34766,15.515174,217.1318,16.329965,932.57639,14.946745,1074.8121,16.764654
1046,1e-05,36.867863,24512.469,1259.6218,33396.65,1692.2728,12.994055,0,205.57993,2310.226,0.67956695,0.21935354,0,7.9584793,37.856668,687.97489,21.853505,738.10003,23.92382,208.11248,15.524259,217.1318,16.329965,931.73021,15.046457,1074.8121,16.764654
1047,1e-05,37.094069,24685.328,1276.6296,33399.341,1693.9335,12.999032,0,209.25684,2310.195,0.67902067,0.21861667,0,7.8169713,37.75871,686.70962,21.785039,738.10003,23.92382,208.40133,15.567421,217.1318,16.329965,941.35606,15.176182,1074.8121,16.764654
1048,1e-05,37.182451,24775.007,1266.7322,33364.974,1691.6067,13.027949,0,208.07353,2315.7539,0.67698632,0.21831783,0,7.7883342,37.711667,684.66538,21.705414,738.10003,23.92382,208.19037,15.530827,217.1318,16.329965,926.57802,15.174166,1074.8121,16.764654
1049,1e-05,37.362301,24991.222,1283.209,33287.479,1687.7149,13.05064,0,211.52358,2319.0013,0.68238272,0.21947909,0,7.9829964,37.873254,691.81362,21.912413,738.10003,23.92382,208.64831,15.567846,217.1318,16.329965,943.20553,15.141284,1074.8121,16.764654
1050,1e-05,37.207585,24833.257,1276.813,33268.188,1687.1209,13.024285,0,208.83655,2314.8934,0.67445883,0.21952945,0,8.0336377,37.86952,681.00764,21.622624,738.10003,23.92382,206.91333,15.448078,217.1318,16.329965,931.00325,15.032096,1074.8121,16.764654
1051,1e-05,37.147595,24809.182,1276.3789,33311.126,1688.9176,12.98424,0,202.9918,2309.1003,0.67617416,0.21863,0,7.836839,37.756079,684.16465,21.710416,738.10003,23.92382,207.54052,15.500947,217.1318,16.329965,931.24668,15.129424,1074.8121,16.764654
1052,1e-05,37.490569,25049.557,1283.4039,33343.984,1689.5463,13.0905,0,223.06714,2323.3101,0.68510734,0.21864846,0,7.8035004,37.767919,695.38642,21.963565,738.10003,23.92382,210.17662,15.655392,217.1318,16.329965,940.36513,15.307258,1074.8121,16.764654
1053,1e-05,37.16608,24862.084,1278.4106,33331.81,1693.1235,12.990161,0,204.50322,2309.7922,0.67812122,0.21871228,0,7.7990655,37.780653,686.71021,21.679653,738.10003,23.92382,208.51577,15.50945,217.1318,16.329965,926.9158,15.104486,1074.8121,16.764654
1054,1e-05,36.946479,24665.634,1272.1319,33310.783,1689.7609,12.937372,0,200.38176,2301.2433,0.67859783,0.21861106,0,7.8154527,37.758078,687.00401,21.732477,738.10003,23.92382,208.49898,15.537155,217.1318,16.329965,927.40771,15.169955,1074.8121,16.764654
1055,1e-05,37.182515,24872.837,1274.1674,33322.061,1689.6308,12.99354,0,204.62966,2310.3743,0.67715937,0.21893063,0,7.9030846,37.793876,683.07251,21.689803,738.10003,23.92382,206.7628,15.461324,217.1318,16.329965,927.78662,15.087257,1074.8121,16.764654
1056,1e-05,37.184363,24817.01,1279.4901,33330.175,1690.4728,13.017305,0,209.34838,2313.4941,0.67846397,0.21963884,0,8.0746795,37.878963,684.59555,21.832599,738.10003,23.92382,207.35567,15.537306,217.1318,16.329965,939.63402,15.020504,1074.8121,16.764654
1057,1e-05,37.26201,24854.54,1276.2885,33357.213,1691.3732,13.06531,0,218.40859,2319.916,0.67680817,0.21937083,0,7.9800425,37.854322,683.95351,21.731123,738.10003,23.92382,207.0858,15.471674,217.1318,16.329965,932.34241,14.984493,1074.8121,16.764654
1058,1e-05,37.35803,25046.074,1281.1895,33337.617,1691.061,13.060033,0,215.26554,2319.7566,0.67597333,0.21855405,0,7.8191416,37.746774,684.03854,21.685701,738.10003,23.92382,207.74776,15.513173,217.1318,16.329965,930.66595,15.137655,1074.8121,16.764654
1059,1e-05,37.059576,24734.852,1272.9886,33333.119,1689.1876,12.97842,0,206.75118,2307.0851,0.67812472,0.21859414,0,7.8209499,37.753602,684.71198,21.848155,738.10003,23.92382,209.27858,15.605629,217.1318,16.329965,935.07841,15.081295,1074.8121,16.764654
1060,1e-05,37.062827,24770.554,1270.3964,33285.216,1686.9572,12.989667,0,205.86103,2309.3567,0.6755128,0.21859977,0,7.8305307,37.752186,681.58422,21.654811,738.10003,23.92382,207.68999,15.506584,217.1318,16.329965,933.35387,15.105207,1074.8121,16.764654
1061,1e-05,37.069471,24647.794,1273.889,33241.103,1686.7726,13.027718,0,208.55987,2315.588,0.67658087,0.21888536,0,7.8539484,37.798151,684.47885,21.69324,738.10003,23.92382,207.92816,15.503103,217.1318,16.329965,932.56954,15.051919,1074.8121,16.764654
1062,1e-05,36.993015,24615.998,1262.4257,33256.448,1686.4073,12.953041,0,199.23252,2304.3846,0.6824842,0.21671797,0,7.4739474,37.500808,690.10901,21.839868,738.10003,23.92382,209.80756,15.649943,217.1318,16.329965,931.34968,15.465573,1074.8121,16.764654
1063,1e-05,37.43909,25099.091,1284.444,33387.323,1692.6132,13.048065,0,214.50404,2317.7744,0.6783596,0.21898966,0,7.8798718,37.810515,687.38196,21.78236,738.10003,23.92382,208.48538,15.539815,217.1318,16.329965,934.80084,15.054822,1074.8121,16.764654
1064,1e-05,37.163605,24842.659,1276.0428,33273.973,1686.6692,12.995657,0,206.21582,2310.3555,0.67467986,0.21874363,0,7.8199221,37.781044,682.03159,21.595177,738.10003,23.92382,208.44577,15.511932,217.1318,16.329965,934.50682,15.167569,1074.8121,16.764654
1065,1e-05,37.182433,24790.338,1277.0268,33300.171,1687.0075,13.01561,0,210.11206,2312.9915,0.67861744,0.21904743,0,7.9181675,37.811272,684.27961,21.786097,738.10003,23.92382,208.23019,15.533445,217.1318,16.329965,931.23491,15.003017,1074.8121,16.764654
1066,1e-05,37.177587,24911.482,1283.3732,33242.831,1689.1568,12.994115,0,209.52924,2309.2317,0.67563557,0.21817744,0,7.7938425,37.684738,680.80549,21.714359,738.10003,23.92382,207.84813,15.531887,217.1318,16.329965,931.48699,15.09042,1074.8121,16.764654
1067,1e-05,37.305261,24908.47,1282.5888,33342.76,1692.4812,13.032901,0,211.5261,2315.7754,0.67696438,0.21872923,0,7.8662636,37.76663,683.95823,21.737445,738.10003,23.92382,207.64109,15.497398,217.1318,16.329965,936.71242,15.105148,1074.8121,16.764654
1068,1e-05,37.137355,24852.336,1272.6382,33299.82,1686.4909,12.996013,0,205.75305,2310.538,0.67862426,0.21906525,0,7.9012243,37.818826,684.52448,21.767743,738.10003,23.92382,208.00743,15.539965,217.1318,16.329965,940.18489,15.137489,1074.8121,16.764654
1069,1e-05,37.083987,24719.384,1276.8632,33325.567,1690.2773,12.9965,0,208.58189,2309.9064,0.6815335,0.21880925,0,7.842684,37.787182,690.58444,21.899987,738.10003,23.92382,209.47445,15.599781,217.1318,16.329965,936.82133,15.095264,1074.8121,16.764654
1070,1e-05,37.073402,24729.817,1273.509,33316.14,1689.9798,12.987396,0,207.56183,2308.5108,0.6765855,0.21769066,0,7.6656502,37.628863,683.87326,21.730665,738.10003,23.92382,208.4905,15.568658,217.1318,16.329965,932.77505,15.223738,1074.8121,16.764654
1071,1e-05,37.19522,24859.726,1278.6281,33386.384,1693.038,13.00242,0,206.48793,2311.5157,0.67448177,0.21822117,0,7.7348002,37.707718,680.05053,21.609079,738.10003,23.92382,207.86291,15.498286,217.1318,16.329965,925.97477,15.089524,1074.8121,16.764654
1072,1e-05,37.240706,24829.047,1280.6513,33301.176,1689.4389,13.001201,0,208.60309,2310.7559,0.67343712,0.21719708,0,7.5730203,37.5627,680.47947,21.605306,738.10003,23.92382,208.30114,15.547871,217.1318,16.329965,931.00094,15.175136,1074.8121,16.764654
1073,1e-05,37.448684,25045.714,1284.0573,33316.106,1689.8848,13.067235,0,216.45828,2320.7625,0.67563943,0.21765647,0,7.6671412,37.622267,680.65576,21.670089,738.10003,23.92382,207.59908,15.517322,217.1318,16.329965,931.2221,15.326427,1074.8121,16.764654
1074,1e-05,37.074894,24727.47,1272.1724,33279.624,1687.4601,12.98969,0,205.15766,2309.5399,0.68233822,0.21979589,0,8.0313447,37.918546,691.34514,21.896641,738.10003,23.92382,208.49916,15.549349,217.1318,16.329965,940.93866,15.045375,1074.8121,16.764654
1075,1e-05,37.108101,24823.784,1277.6924,33239.321,1687.0306,12.985425,0,206.18269,2308.5036,0.67780455,0.21880702,0,7.8519746,37.784412,684.88818,21.730631,738.10003,23.92382,208.16236,15.515907,217.1318,16.329965,933.42302,15.128075,1074.8121,16.764654
1076,1e-05,37.292571,24968.251,1283.8975,33282.301,1686.109,13.03066,0,212.19943,2315.1965,0.67798842,0.21778848,0,7.6616163,37.647675,685.54519,21.734441,738.10003,23.92382,208.47153,15.559745,217.1318,16.329965,928.97088,15.232383,1074.8121,16.764654
1077,1e-05,37.126589,24762.653,1274.9273,33399.054,1691.0415,13.021756,0,210.11914,2314.1072,0.678716,0.21837216,0,7.7641032,37.727712,685.58615,21.794588,738.10003,23.92382,208.72397,15.578013,217.1318,16.329965,941.75961,15.190864,1074.8121,16.764654
1078,1e-05,37.260296,24929.329,1277.8558,33408.419,1692.5502,13.028989,0,211.11718,2315.1681,0.67786278,0.21905012,0,7.9002651,37.816317,684.88035,21.736749,738.10003,23.92382,207.99091,15.512616,217.1318,16.329965,931.47625,15.055532,1074.8121,16.764654
1079,1e-05,37.367258,24998.177,1287.8055,33266.358,1690.3278,13.058671,0,215.09803,2319.5516,0.67824213,0.21881538,0,7.8260124,37.792539,685.8153,21.779201,738.10003,23.92382,208.79106,15.575476,217.1318,16.329965,948.11535,15.145431,1074.8121,16.764654
1080,1e-05,37.003535,24672.253,1270.6505,33324.512,1692.8051,12.959082,0,202.81044,2304.5723,0.67413027,0.21692168,0,7.5189365,37.526395,680.775,21.573869,738.10003,23.92382,206.9568,15.453214,217.1318,16.329965,924.1982,15.306761,1074.8121,16.764654
1081,1e-05,37.240163,24885.351,1279.4186,33386.858,1692.4422,12.986633,0,205.77231,2308.8276,0.67791792,0.21971371,0,8.0700123,37.893763,684.79006,21.815354,738.10003,23.92382,207.22659,15.479615,217.1318,16.329965,933.24149,14.894674,1074.8121,16.764654
1082,1e-05,37.028977,24695.956,1275.6383,33355.745,1691.5288,13.010168,0,209.73185,2312.0987,0.68237524,0.21894671,0,7.8862252,37.801091,691.73807,22.023955,738.10003,23.92382,209.73777,15.688353,217.1318,16.329965,957.17405,15.434696,1074.8121,16.764654
1083,1e-05,37.089102,24739.456,1279.1018,33413.369,1691.7069,13.000318,0,207.97759,2310.7545,0.67575437,0.21863465,0,7.7882875,37.769281,683.00898,21.632989,738.10003,23.92382,207.34336,15.473218,217.1318,16.329965,926.92403,15.12064,1074.8121,16.764654
1084,1e-05,37.421951,25083.874,1283.746,33360.095,1689.9087,13.031105,0,211.22667,2315.525,0.67791882,0.21892043,0,7.9009709,37.792559,684.63442,21.758503,738.10003,23.92382,207.64063,15.498451,217.1318,16.329965,930.02008,15.013639,1074.8121,16.764654
1085,1e-05,37.290825,24857.636,1280.1774,33292.235,1688.0422,13.030702,0,209.73142,2315.8323,0.67435091,0.21868281,0,7.8828837,37.753959,681.42738,21.674129,738.10003,23.92382,206.31029,15.436417,217.1318,16.329965,929.62344,14.987002,1074.8121,16.764654
1086,1e-05,37.276538,24859.824,1272.0348,33434.692,1693.3664,13.052398,0,215.09925,2318.4107,0.67726274,0.21913963,0,7.9122624,37.829539,683.75779,21.688729,738.10003,23.92382,208.16977,15.517421,217.1318,16.329965,935.76708,15.001321,1074.8121,16.764654
1087,1e-05,37.321389,24999.183,1286.0786,33255.724,1686.2663,13.020717,0,212.06235,2313.4235,0.67783933,0.21767528,0,7.6199655,37.637696,685.12617,21.689762,738.10003,23.92382,209.34311,15.5844,217.1318,16.329965,931.35922,15.253169,1074.8121,16.764654
1088,1e-05,37.291455,24869.588,1279.9335,33330.034,1689.2863,13.022239,0,210.22654,2314.1677,0.67842853,0.21902827,0,7.9222808,37.806742,687.18433,21.793629,738.10003,23.92382,207.07034,15.465992,217.1318,16.329965,932.69673,14.985967,1074.8121,16.764654
1089,1e-05,37.010081,24614.724,1266.3714,33284.393,1688.8319,13.006264,0,208.95808,2311.586,0.67790027,0.21813552,0,7.7473381,37.688955,687.38631,21.813536,738.10003,23.92382,208.51061,15.567573,217.1318,16.329965,939.40013,15.163205,1074.8121,16.764654
1090,1e-05,37.04839,24704.079,1269.0048,33281.6,1688.5944,12.98238,0,205.70916,2308.0703,0.67767047,0.21902342,0,7.9026258,37.810863,683.48812,21.730361,738.10003,23.92382,208.07206,15.532077,217.1318,16.329965,940.67673,15.158736,1074.8121,16.764654
1091,1e-05,37.165886,24809.667,1277.3551,33354.66,1691.1199,13.019035,0,212.51722,2313.0019,0.67848535,0.21846513,0,7.8221063,37.729852,685.83995,21.747884,738.10003,23.92382,207.42428,15.506946,217.1318,16.329965,930.37002,15.135924,1074.8121,16.764654
1092,1e-05,36.883691,24549.229,1268.3287,33242.857,1683.8848,12.95186,0,201.6323,2303.5591,0.67606162,0.21849853,0,7.7973776,37.742219,683.14035,21.645465,738.10003,23.92382,207.40091,15.487552,217.1318,16.329965,926.07154,15.158545,1074.8121,16.764654
1093,1e-05,37.107042,24719.616,1274.344,33317.767,1688.7847,12.995153,0,207.06458,2310.0478,0.68115579,0.21951388,0,8.014898,37.871459,689.1826,21.818312,738.10003,23.92382,207.74576,15.517702,217.1318,16.329965,933.75099,15.077915,1074.8121,16.764654
1094,1e-05,37.093585,24751.428,1277.6207,33311.375,1690.3244,13.013188,0,207.08052,2313.3228,0.68232866,0.21923391,0,7.9065906,37.848125,690.27209,21.893012,738.10003,23.92382,208.82154,15.581519,217.1318,16.329965,944.54963,15.140373,1074.8121,16.764654
1095,1e-05,37.130603,24809.332,1271.4684,33310.553,1688.5702,12.981246,0,201.52029,2308.9305,0.6809744,0.21966926,0,8.0313439,37.895523,689.05445,21.846606,738.10003,23.92382,207.50911,15.505963,217.1318,16.329965,932.76119,15.011839,1074.8121,16.764654
1096,1e-05,37.099379,24749.599,1275.6775,33249.613,1685.7287,12.963539,0,200.7993,2305.8946,0.6730439,0.21799912,0,7.7263801,37.669488,677.16911,21.56709,738.10003,23.92382,206.61675,15.446109,217.1318,16.329965,925.68433,15.075066,1074.8121,16.764654
1097,1e-05,37.018237,24691.06,1275.3801,33280.478,1686.4948,12.959443,0,202.08288,2304.8231,0.68194916,0.21923859,0,7.9422384,37.839901,689.62597,21.871544,738.10003,23.92382,207.89052,15.528553,217.1318,16.329965,936.2626,15.180777,1074.8121,16.764654
1098,1e-05,37.325942,24951.041,1281.3281,33402.508,1692.5598,13.029486,0,210.66639,2315.3732,0.6809532,0.22002464,0,8.0965959,37.943529,688.9617,21.844159,738.10003,23.92382,208.06586,15.531938,217.1318,16.329965,931.27765,15.023578,1074.8121,16.764654
1099,1e-05,36.950515,24677.971,1269.5101,33275.402,1688.6837,12.975479,0,204.17866,2307.2052,0.68041074,0.21846017,0,7.7646163,37.743583,688.03451,21.787237,738.10003,23.92382,209.55587,15.606946,217.1318,16.329965,935.05227,15.163843,1074.8121,16.764654
1100,1e-05,36.880545,24534.646,1259.4285,33281.668,1688.2837,12.94173,0,199.53198,2302.2518,0.67951471,0.21929739,0,7.9101312,37.858766,687.2336,21.805725,738.10003,23.92382,209.18276,15.584272,217.1318,16.329965,933.80056,15.05894,1074.8121,16.764654
1101,1e-05,37.086013,24727.217,1278.5101,33202.445,1683.2996,13.002601,0,207.2857,2311.3456,0.6768614,0.2188695,0,7.818414,37.804314,684.05104,21.701362,738.10003,23.92382,207.9235,15.497243,217.1318,16.329965,931.65149,15.043138,1074.8121,16.764654
1102,1e-05,37.126075,24776.308,1280.0986,33320.266,1689.3462,12.996558,0,206.84692,2310.3586,0.6817027,0.21897467,0,7.8550308,37.814114,689.64377,21.864325,738.10003,23.92382,209.24226,15.599428,217.1318,16.329965,945.86118,15.262208,1074.8121,16.764654
1103,1e-05,37.120764,24734.084,1273.8325,33218.649,1686.4085,13.005254,0,207.04277,2311.8898,0.68535211,0.21808007,0,7.6902387,37.693406,694.46626,21.977907,738.10003,23.92382,210.32947,15.720182,217.1318,16.329965,947.71707,15.538442,1074.8121,16.764654
1104,1e-05,37.39384,24942.638,1276.9669,33333.509,1688.9959,13.087447,0,217.72229,2324.1157,0.67783918,0.21873774,0,7.8513119,37.771983,685.08842,21.742176,738.10003,23.92382,208.22088,15.533527,217.1318,16.329965,933.56281,15.096342,1074.8121,16.764654
1105,1e-05,37.446992,25056.819,1284.0072,33348.758,1693.3543,13.032183,0,212.43322,2315.4139,0.67661976,0.21878755,0,7.8370021,37.784682,682.59087,21.75948,738.10003,23.92382,207.7592,15.501205,217.1318,16.329965,931.10292,14.998411,1074.8121,16.764654
1106,1e-05,37.166626,24741.03,1277.0084,33337.168,1693.1651,13.028793,0,209.49051,2315.5466,0.67742165,0.2183315,0,7.7297278,37.72907,683.47877,21.755382,738.10003,23.92382,209.0466,15.593848,217.1318,16.329965,938.25053,15.130982,1074.8121,16.764654
1107,1e-05,37.145255,24788.674,1275.9616,33350.04,1691.2255,13.00919,0,208.92207,2312.1272,0.67736929,0.21898178,0,7.8663282,37.812532,684.23842,21.739078,738.10003,23.92382,208.71952,15.551574,217.1318,16.329965,933.48241,15.110224,1074.8121,16.764654
1108,1e-05,37.201395,24800.456,1278.3354,33256.207,1687.7047,13.03769,0,216.3429,2315.4199,0.67704915,0.21872893,0,7.8501399,37.77068,684.43538,21.725095,738.10003,23.92382,207.75273,15.505309,217.1318,16.329965,933.06689,15.159863,1074.8121,16.764654
1109,1e-05,37.158973,24815.074,1272.1787,33234.146,1686.7442,13.011523,0,210.08504,2312.2552,0.67538279,0.21864261,0,7.7596409,37.77802,682.39706,21.614376,738.10003,23.92382,207.85834,15.494554,217.1318,16.329965,931.37255,15.158079,1074.8121,16.764654
1110,1e-05,37.170715,24797.738,1280.0208,33281.308,1687.2843,12.99993,0,206.43737,2311.076,0.67495831,0.21939255,0,7.9893078,37.855913,680.05955,21.626843,738.10003,23.92382,206.40787,15.437793,217.1318,16.329965,928.02483,15.057819,1074.8121,16.764654
1111,1e-05,37.123266,24764.713,1274.9376,33233.574,1684.4247,13.011349,0,207.60564,2312.8547,0.67762925,0.21831711,0,7.7676122,37.71681,682.98474,21.737824,738.10003,23.92382,208.81547,15.6015,217.1318,16.329965,938.65433,15.34592,1074.8121,16.764654
1112,1e-05,36.936426,24629.865,1270.9547,33350.32,1691.756,12.968303,0,202.89934,2306.2262,0.67647547,0.21874722,0,7.8612185,37.771186,682.83048,21.726755,738.10003,23.92382,207.44757,15.511818,217.1318,16.329965,934.04341,15.146097,1074.8121,16.764654
1113,1e-05,37.101033,24800.884,1273.9473,33275.614,1690.1203,12.947131,0,200.34844,2303.0261,0.68154968,0.21885928,0,7.8189177,37.802325,689.82096,21.881174,738.10003,23.92382,208.7911,15.59435,217.1318,16.329965,949.67068,15.285944,1074.8121,16.764654
1114,1e-05,37.137673,24779.418,1272.4319,33264.893,1687.0181,13.017633,0,206.37699,2314.3101,0.68241327,0.22023834,0,8.1093529,37.979135,690.04137,21.938331,738.10003,23.92382,208.01294,15.549762,217.1318,16.329965,942.69901,14.989737,1074.8121,16.764654
1115,1e-05,36.970971,24688.293,1271.5728,33250.404,1685.8127,12.941031,0,199.74126,2302.0715,0.67934966,0.21933438,0,7.9103552,37.865433,687.11748,21.746126,738.10003,23.92382,208.64283,15.560412,217.1318,16.329965,942.55439,15.11075,1074.8121,16.764654
1116,1e-05,37.068291,24680.698,1269.5824,33242.942,1684.831,12.983268,0,203.95499,2308.6785,0.67767446,0.21955652,0,8.0053637,37.881639,685.1202,21.742813,738.10003,23.92382,206.9609,15.459208,217.1318,16.329965,927.47536,15.019524,1074.8121,16.764654
1117,1e-05,37.10889,24737.825,1272.8044,33394.489,1694.2647,13.005097,0,211.28912,2310.7804,0.68570825,0.21764274,0,7.6285594,37.629592,692.73658,21.906486,738.10003,23.92382,209.88149,15.717997,217.1318,16.329965,934.66419,15.680445,1074.8121,16.764654
1118,1e-05,36.985713,24688.59,1274.087,33206.314,1688.8681,12.990725,0,207.0035,2309.2581,0.67869704,0.21923529,0,7.9273852,37.843083,685.57597,21.753698,738.10003,23.92382,207.9169,15.543223,217.1318,16.329965,929.21286,15.079573,1074.8121,16.764654
1119,1e-05,36.985254,24652.367,1269.8215,33297.037,1687.829,12.965751,0,202.52002,2305.8587,0.67705828,0.21976116,0,8.0521345,37.90694,684.12187,21.75049,738.10003,23.92382,207.8241,15.54275,217.1318,16.329965,943.84636,15.077692,1074.8121,16.764654
1120,1e-05,36.90298,24552.517,1275.5542,33218.078,1684.8286,12.943641,0,200.99866,2302.2261,0.67881171,0.22040316,0,8.1460491,37.999762,685.14651,21.779892,738.10003,23.92382,207.46285,15.505167,217.1318,16.329965,934.57483,14.87239,1074.8121,16.764654
1121,1e-05,37.17209,24763.672,1269.7386,33395.092,1691.4438,13.037434,0,216.0556,2315.4466,0.67654164,0.21929323,0,7.9357529,37.851486,682.5059,21.71089,738.10003,23.92382,207.88562,15.539988,217.1318,16.329965,933.32647,15.048031,1074.8121,16.764654
